,x,y,Size,Shape,0,1,2,3,4,5,6,7,8,9,10,11,12,13,14,15,16,17,18,19,20,21,22,23,24,25,26,27,28,29,30,31,32,33,34,35,36,37,38,39,40,41,42,43,44,45,46,47,48,49,50,51,52,53,54,55,56,57,58,59,60,61,62,63,64,65,66,67,68,69,70,71,72,73,74,75,76,77,78,79,80,81,82,83,84,85,86,87,88,89,90,91,92,93,94,95,96,97,98,99
0,199.503840838185,3.69551210644725,5,'2',53.7798884007774,61.7261509976308,59.69775685423,55.3403475475163,64.2349535287951,55.9143170566888,60.2999732472888,61.5642680775071,53.2008298258758,63.371404216761,56.9045261579536,56.9650211435995,63.6318366261802,53.4798620957098,62.4007761076846,59.4111333890229,54.7898575533781,63.9329267434075,55.5335667374639,59.1328077207959,62.5498083457414,53.8458258159641,63.4423882892628,57.7885715571727,57.3947062924497,63.7200238628834,54.2625811955318,61.3930734210367,59.8160358325813,55.0871398739585,64.4539279905618,56.0369503656048,59.0969320230033,62.6051952420777,53.2284116258768,62.8060355414615,57.2526221601346,57.6640740502634,63.4950659044342,54.3888225942194,61.4855309119935,60.0640236654784,55.0909583567428,64.272853910578,56.1774304775034,58.7438012607626,63.1081409668527,53.986543739606,63.7703558318522,57.5984556255249,56.7181900425646,63.8166363440936,53.9400009245544,60.7832342063062,61.4837876202492,55.0088982464102,64.6055107312557,56.0752820125351,58.5676656535585,63.3896061756232,54.2834825958074,62.6427798222334,58.6705998984591,55.9984075729435,64.3181906973053,54.3908584614877,60.2194965989913,60.9722977721085,55.073250515784,62.792363854842,56.295443659656,58.3834368656907,62.2507562005014,54.4356874764485,63.6336122808922,59.2385933625664,55.7475012498936,64.7754162603046,55.043903238802,60.7713040592586,61.7067202401099,54.8443942655333,63.4420476865112,56.6191329587464,58.2565040742142,63.7695994399003,53.7925278102891,62.4867354435146,58.3986798020166,56.3578541360125,63.9193731305617,54.8491263500808,60.2515775335611,61.1448157221976,53.1248219830659,63.7894372422894,56.1105832949087,56.7226048895639,62.7347254298482,54.8091722853213
1,199.848428410991,5.28770833396495,6,'3',32.8726143559741,35.5908042110186,36.6314836543534,33.4983224288064,32.1383430358234,33.3848789410039,35.5012077671834,35.0338049184544,32.6067484057015,33.4514544298969,35.1011446148703,36.0563088926446,34.3936619951646,32.3078694661739,32.4752437506831,35.3295428079838,35.6973967403795,34.0921222522302,32.4327343054818,33.0120484051391,35.9234776313032,35.5322468540533,33.008655375084,32.1502127612173,33.2386619090983,34.9006362067026,33.855782590872,32.6389306367644,32.5190732458255,35.0399024861659,35.874204005428,33.522169234933,32.1556629151624,33.0747002656333,35.0457599956216,35.3522224987,33.1409841651345,31.9887464198896,33.9577245891874,35.6189200399806,35.1648658408434,32.3426718719545,32.0586969282959,34.3177436129888,35.4050364212038,34.4468505167159,31.8436907795139,32.1734141206156,34.8333878129087,35.7791329624084,34.3663157734259,32.1754418020526,33.2772542788796,35.628040638322,35.6168605705748,33.1556356615477,31.9954696683011,34.4686713673995,35.7494095459932,34.6541022325185,32.0489840054664,32.1890098386679,34.6304698906839,35.6827009947829,34.0345699418277,32.140164493308,32.8986515152577,35.3728612122662,35.53297138193,33.7917478888769,31.2554538621562,32.9944526089311,35.6178925334318,34.7726801206784,31.9820945738925,32.0716043983198,34.57293581,35.7603877486829,34.6759776508977,33.2980817098295,33.6330420608591,34.5265388263728,35.5065693526627,33.9667160118291,31.4125366207341,33.8510171507218,36.0116627758343,34.8868921702936,32.5187212920474,32.8144080312274,34.635424550632,36.0980215204901,35.0531665096297,33.0072692601064,32.9470672855753,35.1450877862782,35.9522054502357,33.5530495445019,32.6204840966016,32.8212895866296
2,188.230676357376,-5.3915923577915,6,'2',72.0277448951381,86.7313230527232,82.2642020861487,70.3009755525901,85.36102512859,85.3587419113215,71.1238783701821,81.8096178132304,86.3713933304096,72.3931214527399,78.0246335779338,88.1103069158254,74.4984093452095,75.6570036058337,88.6270344495429,78.1424908278481,71.9775543020884,87.8463381485235,81.6816297940094,71.3959401267536,84.6513784200267,85.0467465474959,71.3909336414905,81.5741241103284,86.4887952008422,72.2243768176356,78.8542790157898,88.5643995189764,74.5096170157052,74.9726066346259,88.8158346078722,77.5709141094304,74.2046013054289,88.1457030759383,80.1519670596923,70.6502012607416,85.3148599572717,82.6964434305834,71.2797765115756,81.528967752914,86.411280839317,72.1343007244612,79.1883851646862,89.0771664574213,74.1720021985534,76.3975063877076,89.3066469021278,76.5557583713322,73.2082483364426,87.7406658685487,79.319324356421,71.5801669053661,85.7458613573941,84.0180528474459,71.0200416343815,83.0988809038991,85.880618033288,71.4478736118876,80.0156720344701,88.2650029703478,73.8451101747865,76.6540430528362,89.8850604140756,76.4617329905193,73.9314988224765,87.7377190090677,79.9287063285091,71.9870463845353,86.1748712802426,83.3395180744065,70.8110779181086,83.7721615603474,86.4711707605275,71.2082304376841,80.0888798176343,88.3799616550973,73.5197187507904,77.7837415876427,88.3856422523947,76.028668584862,74.4950135079506,88.6722851767441,78.8898289448768,71.0771710040768,87.5765335785802,81.2584084716735,71.220339766498,84.7933534035053,85.7810695490484,72.1622259480294,80.8267093876538,87.770458006555,71.6785290284619,78.0008161485712,90.1322687306396,75.3328564554472,74.794313791498,88.4615801402524,77.844618608357,72.2730928169937
3,191.772589154531,7.20333563295326,5,'1',33.9114339544215,34.8038155106799,35.3202414890384,33.2302680835134,31.7107670485403,33.8670121448117,35.9042111231749,34.4615426236072,31.9465216300665,33.1193069130788,34.5630586851221,36.6105314181846,33.7290686705889,33.2047554796706,32.7431530277094,34.7967679594997,37.4218193308531,33.0240909125098,31.220265239394,32.8090283582129,35.2589344521697,35.0554762075683,33.7256615201334,32.0268226030025,33.6592471469132,36.1694447560558,35.5277579393673,32.6785332939383,31.9461186626792,34.3005671197838,36.6424037749094,33.6471149394735,32.3965919811399,32.8611152904743,35.6160022356642,34.7273019376696,33.6702583077067,32.8055159779002,32.9504416378515,36.0799436091586,35.8997541598484,31.8617408539572,32.0405813653532,34.7831811585584,35.4240004286787,33.3637097642173,31.6516792067143,32.5277129366449,36.378564990262,35.536057372397,33.5190762704395,31.7465724695121,32.8792440930725,35.9612550232747,33.9211209943444,33.1985619288041,32.8371835658052,33.7008663631791,35.601030944404,35.1355663571408,33.109131465848,32.4595153324304,34.8070919971351,36.6147572593414,33.9749694752592,32.0069783830346,33.6136454646309,35.4708203462083,36.0716302701823,32.9717956447443,32.486179387642,33.0009088386177,35.7971042403467,35.2829999254304,32.8271785736844,32.2288754183195,34.8287640976366,34.9096443671655,34.43076388325,32.8373270075009,33.0706068542459,34.2328571195841,36.5339362282993,33.2603074217863,32.2998923209804,33.8458958398605,35.7277871911665,35.0711658694166,32.5057805398437,32.3693438966049,33.7182375822201,36.1133061387702,35.2546501736121,32.1628463118482,32.7501407696512,34.2444718299856,35.6312244730276,34.5626338134688,31.5680661919689,32.2840631621131
4,219.321332093998,22.9159625098093,5,'0',53.9063868028178,61.4118064951923,59.3422075218221,55.5207604186553,64.7317966321025,54.4654773589256,60.5081963195595,60.8330326680841,53.9477156860369,63.5425192002607,57.8611671142491,57.9079506132376,62.8981258847844,54.3651943286969,62.3694384770869,59.2261265439197,56.0208036465559,63.6023449396396,55.7729469508153,59.2871287980681,61.815076084672,54.1258436051403,62.7609675369115,57.819819206928,56.7950383469912,63.196141037109,54.6083527773493,62.0712205025663,59.4389031800565,54.5387457071552,63.3036729982261,54.8471868446528,58.4241527616525,61.3068240151869,54.9009886664108,63.923652586753,57.9615982476503,57.0174451630799,63.2180119887461,53.7473578442136,60.8802704087458,60.6343434788898,55.1014131446774,63.8259046315866,55.6600300506692,58.7085436035317,62.1303076500793,54.0294365300271,62.7231184498154,58.4265738075043,56.5592309309542,63.0663906624118,54.3816078101399,61.0973382671196,61.2309945728415,54.7829364199374,64.3787834306014,56.9847030869345,58.3444607853319,62.3547181561189,53.9026087165159,62.6155477381624,58.118295722758,56.6680669907595,63.8796491912674,55.5359059467394,60.3555337179626,61.436203158454,55.0117031349411,63.7329567048281,56.5943265267273,57.5487539126118,62.426867479645,54.3456024437403,63.5084176846103,59.4001843722764,55.8742960638209,64.1265221017725,55.0301414275758,60.7760742277372,60.0901859140901,54.5935344033376,63.5144925627416,56.7481447687622,58.0045067378237,63.7992126998479,54.3281450840655,62.3575032066566,58.2622091257383,56.6132699799703,64.1957477907307,54.1103705534572,60.4496163956328,61.8998237633454,54.0973768386673,63.9535367101472,56.9215302847059,57.3155400616461,63.0058239415833,54.2611479816806
5,191.833973038192,16.2587950311162,6,'0',71.3138611216764,87.0206398070497,81.9982921516325,71.938094498632,84.5072944966588,84.1544574976794,71.1247846130017,81.0239566175253,86.8217860761317,72.2271619317075,77.7139688554592,89.2769631256092,74.7587645949633,75.1423986578095,89.8261767528429,78.7510193939221,73.5716849376148,88.6347969102502,81.629222757912,71.467406110888,85.0094728634351,84.7489719324713,71.5063702485602,82.0885768256828,87.40037961535,72.3271187098895,79.3469625949812,88.7265827464999,73.3948690441278,75.0521791716384,88.0885941076856,76.9025634937967,73.6086548134971,88.1842500096118,80.8591394278301,71.2749654333662,85.9097101905624,83.6869338523421,71.4361117286872,82.31704269795,86.7805126212726,72.0890692773556,80.1782014336389,89.0461902436883,73.9247886097587,76.4123370041129,88.7148881497722,77.2486041080081,73.2359143765578,88.0252934488147,79.7133779319434,72.5718109933748,86.2676349301376,83.9730776917118,71.3345807964858,83.0376110855118,85.6814041551876,71.321892276813,80.4174719076453,89.0011411202038,73.5682591984456,76.2146605759351,89.8235957875135,76.4482206130085,73.6801520645559,88.1047549086426,78.9562037945312,71.1845819773813,85.7742667823865,82.8382925499182,71.0991153677667,84.1041869024838,85.863315869817,72.1848550994893,80.3340399248405,87.802822713381,73.2764746218696,77.8742596738239,88.3863635129719,76.3262298083759,73.9966845698801,89.2956705037971,79.7093856420448,70.9009366530311,88.0333597942099,82.8811645265086,71.2219745707586,84.2962502108952,85.5253978448943,71.9812289305514,80.7673560593049,88.6109855088753,72.6882286039227,77.4580566124878,88.8944512162125,74.7909073688367,75.0176215270703,88.1702654243537,78.3694896147515,71.7881585807306
6,199.217312320565,8.94222657222511,6,'1',54.2596803197515,61.4224347259316,59.3942160000879,55.6147075407463,63.6569260098742,56.1125445400096,61.2495202922419,62.050286106297,54.6444814322995,62.4133765593183,57.8631874627112,57.4296328628737,64.1770119480971,53.8321159414566,61.6365931638285,59.0261615155642,54.1864775425965,63.1556669142836,55.8141826914477,60.2445119102543,62.1277434975694,54.3995732534349,64.0250782909421,57.4806785606359,56.5645258776817,63.7932761077885,53.6284340836197,61.9528576847512,59.5909721554956,54.6747094125784,64.7821887925353,55.4320483797037,59.1152054476193,62.88327794353,54.414834147991,63.1002742625811,57.2151291873578,56.6289257214367,63.8930756348303,54.2140970839897,61.4348047204911,60.8848974927551,54.8459471280899,63.732651346916,55.4013276032862,57.9628614186417,62.0754006066444,54.0617589110778,62.8833361237633,58.3561538387089,56.3880996106697,62.5729526541083,55.3845246134304,60.91515304112,61.0740477879334,54.8169654171283,63.8422431268662,57.0436976616801,58.9020027016665,63.0923786590032,53.4990278805971,62.5304609083134,58.7127996296472,55.4818344137445,62.2182006128713,55.1746057359116,60.5704779433234,59.8987547981971,55.2255981547545,63.0992752530488,56.1210530628571,58.7590636459421,62.1361438307977,54.0611549276257,62.5875931696148,58.7042912144528,56.6771913639171,63.3368269286519,55.03496091198,60.7714751161152,61.7106323337742,53.6460963438151,64.5944181828119,56.7506230205851,57.8020783379651,63.1210527841146,53.7119521325392,61.5883915228822,58.4537649003404,55.5607988953523,62.9759442629472,55.2320373453225,60.1154164501199,61.4858832346138,54.4444400602146,63.2128818715819,57.2809561313324,57.3872226340636,62.5438523826582,54.5142457648729
7,217.36190866823,8.64978402431751,6,'1',54.1887688483976,62.4278116684087,59.761783906737,55.8249112137063,64.4239642949834,55.4092708684915,59.9767359708192,62.6009441766915,53.9166792976031,63.3746710253622,57.1496775062169,57.8424023024625,64.2234621325067,53.5347810393023,62.4585654623051,59.8135016692392,55.458445425324,64.1765496478135,54.4864443294898,59.9617714679164,61.939105412663,54.2530670076209,63.6328062149979,57.6548688572261,58.2604680748267,63.4917750402894,54.7980671644318,61.5166817996716,59.5137478434936,54.2053247123961,64.0241987094605,55.4979105530904,58.6289367122018,62.4253733522602,53.8829233264976,63.224119879773,58.5746701126232,56.38189515268,63.909213744854,53.7035395415951,61.700914339359,60.6686273730871,54.8281073232901,64.457369740867,56.7025344700232,58.9220639534551,62.2094258149794,54.7323554362256,63.8127926621458,58.2534396441991,56.4718642353476,63.0328697739567,55.0325930347708,61.5795226432,60.0677460639544,54.0233923972792,63.7134271374064,55.7253454205099,58.4209306584711,63.7471144868385,54.5822170246324,63.198820316426,57.9922263276425,56.2519475532087,64.3749413710999,54.4281010182448,60.5907998457928,60.2989201475857,54.4334373955838,63.3502108159841,56.1458902595989,58.39456668298,62.2807926126349,54.0187838421884,62.0938147137195,58.746073761297,55.7679455385311,64.6942478727648,53.9278096508549,60.9481748600882,61.4221370525399,54.4061668967576,63.9764851322963,56.7160375768893,56.978071337893,63.9715663905616,54.4558391042038,63.5845409596505,58.6842472940128,55.8435642469614,63.8519352492052,54.9176587251419,58.7887606537315,61.8562317204072,53.8619434474684,63.6952018681323,56.9465327303507,58.0846618471196,63.5609336197602,53.8157078556646
8,199.99687349342,5.56931191415535,5,'1',71.8898578011086,86.4044686432136,82.2315173184137,70.7351394906569,84.1308510307961,85.6256562257811,70.928819667826,81.8934916083046,87.2669129636365,72.9045670291126,79.1395981571529,89.2859531531957,75.1357109795023,75.4496808456546,88.5449423766334,78.4236904847874,72.550110230143,87.182515629764,80.4201006673989,71.065228443181,85.2412818043439,85.5875052702371,71.301272393932,83.596649066093,87.7631911475821,71.9367998281938,79.4001088212599,88.4509050531182,74.7962186036589,75.5039891600357,89.1991208683007,78.1704579321205,73.5248753986793,87.7338151089925,81.0748699236004,71.5951014553689,85.873409605513,84.3635551121355,70.3723070633451,83.0775780655261,87.1978439824397,72.909917523537,78.6428648481941,89.2107679631557,74.6117756161209,76.4061543263744,89.2138325952833,76.8176800439662,73.4546522790745,88.6326834446262,79.8684909138163,71.5582785929141,85.0929890807791,83.7285634950246,71.2985783364413,83.2116671103919,85.8150321006459,72.167184206017,81.077103162541,87.9915611459479,73.8703067391188,77.6739098154061,89.8665588811208,76.0283274064495,74.1347301630692,88.4340439162663,79.2596231247052,71.7758386790687,87.0493467531268,82.4698096867794,71.0110565202793,84.5920285831319,86.5841325148051,72.370347324309,81.0711868386412,87.9248263149438,73.074983446329,76.3722579255686,87.8271012657759,75.71800622745,74.9919462521244,88.5773967244899,78.7102452073948,71.7703891296188,86.9975980972394,83.0860155968717,70.6548717927641,84.2635830582163,85.4977251748863,71.1034230313802,80.8410746497737,86.8244705276584,73.2454983395693,77.2368684150256,88.5705330571233,75.1792538665413,74.1282919291037,89.1609938618205,78.8523218565893,71.67069779526
9,188.738235647573,-3.55913193248959,5,'1',72.3075822267828,86.4167525575142,81.9093620461724,71.4674052021816,84.9778944476678,85.1480244716898,71.1508611409835,80.9127378038779,87.1661918113612,71.2940243231674,77.8672847402457,89.570102316678,76.3260983303273,74.9336170534078,88.5156591641525,78.3142059084451,72.2377518538366,86.740726646889,81.2161964604636,70.8191677072581,84.9985849448891,84.3784943905422,71.4566109749196,82.2461212962849,87.6571061953955,72.9759805259571,78.8054971898481,88.4457579586946,73.9241116323466,75.0448516771007,88.8128761674006,77.5335068135383,73.0615475538275,87.6923800444279,81.1772330541756,70.6998205720654,85.7570608737738,84.472183546723,71.1759596814753,83.0179949123772,87.0707151917782,71.8743942760491,78.4683139527479,89.2757633707288,74.2150686618602,75.5748475220454,89.3519384297513,77.4945805636956,74.2832149426737,88.4141019734666,79.9035962227174,72.6604321004417,86.3158034204139,83.5723168844458,70.4290258521665,84.6154272101588,85.4866990640253,72.0633506422328,80.2782899943277,88.2689105053803,73.9855214355052,76.3664333508241,88.4371235229795,76.2899175316953,73.4259105073129,88.5485537323442,80.220551312145,70.9167304582737,87.5971630195882,83.4777243271296,71.0497715721007,85.0656812177107,86.6568142216404,72.3834079703239,80.1711140123173,88.0985270414575,72.7739952086357,77.6260167496003,89.2494158294016,74.8185510860244,74.1167302483751,87.7201484699086,79.8599502891349,72.2469376161097,86.7449771108415,82.2937118875154,71.6001463928804,83.2788630860574,85.1598497006744,71.9757748515069,80.7106063702697,87.8700786851718,73.4103419924178,78.0558345097841,89.3756882436237,74.8063272944109,74.5532069808914,88.5076959745595,78.7637177145583,71.6646970009005
10,194.199497238317,-10.1935703856532,6,'3',54.158254235869,62.5284496081818,58.9065289489158,56.101524397905,63.8783108005961,54.9818436326674,59.3420283610815,61.8618022676562,54.2185176854442,64.0227928769983,57.4471030817743,57.1914961021252,63.4487968051034,54.2016332684933,62.8909217675029,59.827205382174,55.558133374944,64.2328618744149,55.5462068211886,59.869862227088,61.7489048936252,53.383237405266,63.0315024618349,56.9836959281396,57.7485961681445,62.0618400805457,54.2766486911159,61.9688475398773,59.9024783352331,54.9939016194599,62.9949848156876,55.0043957309958,58.6081945634397,62.6124523977111,53.7799216061729,62.9500148287646,57.6697802111522,57.4683311303177,62.3213485690561,54.1957897946794,61.1271326419001,60.3214780058345,55.5419147914166,63.6033066977806,55.6689043276436,58.8003045203856,62.4030010899215,53.2284064319343,63.1922007294508,58.3397601597166,57.7075496332426,64.2778684567613,54.6501088462996,61.8528488020255,60.7879235863301,53.8031346503791,64.2799596962132,55.9738838367335,59.2129753737371,62.486639245163,54.0838119758603,62.5479152198647,58.6060781784534,56.4041688561608,64.0107225765793,53.9458386760109,60.5066839122511,60.7849409935836,53.924834755547,63.8666453499309,57.0365436082656,58.3784528850646,62.8342615247866,54.2351004486682,62.7664185574021,58.4001240389685,56.7003863248734,63.6351150433958,53.7462336324622,59.8707412133568,61.2444847690942,55.7979205560149,63.3809830297954,55.6304965629627,57.4718737071312,63.9925993477554,53.5903904648318,62.2003029285402,58.7568794268888,55.4321584089321,64.0269230279133,54.7156528561737,59.4805834122785,61.1118884464302,53.7739413738505,64.5370268126389,57.2306803275567,57.9425399093301,62.4928163894021,53.8013550574764
11,195.594763929805,6.5216123035964,7,'1',33.6818956435401,35.3403965033779,36.085372431928,33.1208293380297,31.5064319093365,32.2570063232431,35.3480412715473,34.8841320411943,32.8876189768148,32.2066529597747,34.4609098619483,35.4089014976727,34.3869718323005,32.5049520490558,32.4518226507006,35.9845898332319,35.7471535622805,33.110207090111,32.219694063119,33.5267118453972,34.7299595050769,35.0710624385877,33.4247539874032,31.5658677302346,34.5629224876998,36.2619103033851,34.5857121714736,32.9976822863424,33.0041542954454,34.4057646465098,36.6396813451,34.3354257022624,32.2080193490583,32.5254886942559,35.9041330519585,35.8310849152899,33.6504561669036,31.8602808138698,33.3081815071886,35.7453637887049,35.4768834565235,33.0003228849118,32.8007796797148,34.9219408278554,36.4625619202372,34.2239352088977,32.2134651778901,32.313271577653,34.9041476412135,35.5155795237796,33.5609424552714,31.5188020966854,33.58898841736,35.1736140285059,34.626310201942,32.649755327246,32.8046539066717,34.222661957844,36.467557246797,35.2707497057762,32.1628978117934,32.3149657776662,34.5679817623375,36.4009335637978,34.5919311724271,32.3486110733454,33.2286344650506,34.9947059520462,35.5087959444408,33.3511159768108,32.2527969376679,33.3339370851911,35.9271558435926,35.2405598450251,32.5553647631279,32.2247242635093,34.5249972486698,36.3671864120983,34.5300601942003,31.1501101946087,33.0389040822396,34.8508919365376,35.6181609550495,34.0877482845034,31.8596782342464,32.9565289297402,35.7112595674279,35.6204420098431,32.080395430504,31.4604551664804,33.8838208416629,36.2957347641609,35.373407242009,32.579419468105,31.9874138878769,34.3668027899254,35.8607970786939,33.6880909114608,32.5753991904797,32.7863043696461
12,193.161783447186,2.66600518348933,22,'3',32.8621958351626,35.3490009090911,35.4903667797589,33.1361501685253,32.2120200125557,33.7572262846921,35.6658646178492,35.8496313121952,33.118058054059,33.1115248047169,33.7151541410952,36.3925224457028,34.4717729457627,33.0607677255139,33.2792305907612,35.2349069913614,35.5376063697109,33.0975680590749,32.4579051529401,32.7132607581194,35.3260629067758,34.7697291755768,32.4779646001201,31.7989375378252,33.4283663547442,35.5675006144184,35.088317245274,31.7929239575726,33.0304875749467,34.3614665156026,35.812165888454,34.1192290872189,32.2318432844492,33.5784689021397,35.9149884208552,35.7833062161447,32.7268814614897,32.4735511749411,33.2792898601865,35.8364277520842,34.2834025375046,32.0779570313015,32.4151669734607,33.0632041109409,36.3606459303187,34.559021593245,32.924721926721,32.5574534478965,34.743687126667,36.9703908237477,34.4245076955812,31.6100204723246,33.6337487226264,35.7960432956913,36.3316078997124,32.6996445062976,32.0120767660612,33.7513922181503,36.1406194571147,34.8803576858311,33.379744612214,32.805063816594,35.2351242979378,35.1711644503947,34.05958497208,30.6618387784292,33.071912160106,35.5544829370223,36.5142500397186,32.8169929766619,32.8643295321402,34.2306191775432,37.152537558768,35.1130640036841,32.793542573625,33.1083996124874,34.3292312482999,35.9531177975249,34.6208015900761,32.2673606203233,32.8519184953273,34.1706795556659,36.4345778431093,33.4421387442833,32.0092622145352,33.8874493364746,35.894523857281,35.4556512380898,33.0307169111423,31.8443713031104,33.5987207506416,36.1521917292296,35.1436005777955,33.1300455438568,33.17454083135,35.0088611710498,36.1774966788777,34.0153038286707,31.7163647847143,33.6287105585963
13,196.240203939393,-11.4382478902368,25,'1',53.7409319808564,62.1241012488673,59.8102446348551,54.4661970119851,64.2135642152102,56.0039327746721,59.8259815809191,61.82152261245,54.1375485910247,64.2003831046108,56.5927270746168,57.4336865123795,63.7473119547276,54.5109166219042,62.2772966318023,59.5972283328935,54.591958765463,63.5763100448846,55.3507425897931,59.3363807486769,61.7283395935459,53.3203356527816,63.8509114754186,57.0774900342976,57.2821868661349,62.8764929003423,54.5025364115962,61.6874267251998,59.6201686377119,55.5110215021146,64.4784042930301,55.2956520515905,59.9850283148431,62.2153828879906,53.3618368589718,63.7567564260584,57.95424418145,56.5141975336354,63.2173349289096,54.3152860431398,60.4720827770519,60.5083978548919,56.0427889431025,63.7616333743564,55.0866161269275,59.1864788645041,62.7753995783248,54.8431081465535,62.4759802235771,57.6785767070279,56.1937691938094,63.2323903440441,54.372567320395,61.2845661118161,60.6665814761438,55.3419992412011,65.5222443448763,55.8338159811349,59.2481704100768,61.7903279944907,54.4691645304721,62.6263714343912,57.9648174503163,55.6819284076032,64.9289636692192,54.3447113121985,61.0041353594542,60.6568703519587,54.6632617618243,64.0477313971357,56.310077522606,57.9005310808817,62.2779902914812,54.4171012995279,62.9320608220113,57.6153498418524,55.6412163840003,64.7667265769823,54.7095426316181,60.2648407071997,60.8218579574719,54.8865978286783,64.4199501152017,56.5779635932471,57.6872940189152,63.6658529857011,53.8003414099654,62.6084389919299,58.8308945384796,54.8611071450644,63.122274863457,55.4389399583025,60.4116602657087,61.2711388634202,53.9058315448966,63.0847916963821,57.1254767000338,57.1553754512572,63.0343377993193,54.0499371056849
14,201.968466869621,-4.29767909480502,22,'2',32.9513389740056,35.3781262323497,35.9541114827242,33.6900408838155,31.8585809941726,33.2282688086154,35.0900091563111,35.1372361816845,31.5022850727863,31.9247643683462,34.7329475282898,35.8370350253129,34.8360282669329,31.983650932894,33.0884436955972,35.4439528154314,36.2063613299353,34.2252374059906,32.1694637589791,33.3529647785034,35.2885160666351,35.5279104238555,32.9827938213608,31.3283084957367,33.965322668997,36.1158381113051,34.291758496007,32.6603922469255,32.8733020356037,34.9084656375219,35.6615720960216,35.1101920927626,32.2864036910938,32.8352770921781,35.2731023948552,34.9794811263292,33.5335465540385,32.2903432187803,33.2293370648663,36.1140734471008,35.189847216777,32.9454521481394,32.0763345147512,34.0401299197265,35.927656183346,33.8712023028179,32.6794383152739,32.0169452633629,35.5366361257083,35.772320433656,33.8544044775693,31.4199668959615,33.0487909287705,35.2293796461341,36.0140115817852,33.1674566497799,31.3935518784047,34.5724959492283,36.3425361450973,36.0574960036229,33.1916315853031,32.7369390470169,35.4124243765793,35.2189894015147,34.6218686732901,31.7299257062499,32.799585464443,34.900721871628,35.0130481037782,32.5600167331721,31.9714478289397,33.7033020881257,35.0430334333649,34.0383348913675,32.8546216549754,32.2963649745064,34.7692518370027,36.4680755396756,34.3973109674697,32.3008729069072,32.3744391037768,34.6934648227159,36.0338303977606,33.9556456990563,32.7448042494406,33.8853046698203,34.7388737347475,35.923065205308,32.8334605683204,31.6009528029016,33.7512903413562,36.0772222401433,34.2220268584089,33.3567879539516,31.9798716342098,34.4176413048315,35.8530119836636,34.2140843654369,32.5950386676336,31.9659603935347
15,201.316823266415,6.29089917935335,18,'0',53.6042003646465,61.3093851627846,58.819871637011,55.4766363147013,63.6340420861505,55.2409465323184,59.2001765337986,61.7333167543786,54.7275481706809,63.0080303675244,57.93613220864,57.360162195651,63.7642229034255,54.3433180922679,60.8375549358608,58.5829070953412,55.6615896022205,62.8213396807996,55.7780320585938,58.628857038926,62.1602497622018,54.2895329537602,62.7718744506921,58.6032086558386,56.0644452510324,62.8388170938707,54.5975959797556,61.094881079077,59.5431269648264,55.3159078511503,63.8450332993131,55.2739212021621,60.2963180387506,61.9490467825392,53.5045415973967,62.6857928781963,57.8532017373146,56.8731227418194,63.8133105888801,54.1923623793934,61.6787170158948,60.2154488542671,54.9595446266786,63.9027763728871,56.3400163637612,59.2444472878199,61.7734653973724,54.5175470994442,62.8648831498126,58.4415046383035,57.058747930596,64.0252995293806,54.0518892007694,60.3941930409604,59.9646187628596,54.8871788037139,64.3637941273685,55.2891244825643,59.4302996772439,62.4930745123701,53.6489766596268,63.3893759555799,58.2206895260355,55.9950003134742,63.2153337723963,54.2734177036553,60.4274806893627,60.7691200686753,54.4396649196294,63.4255047980023,56.5000630297778,58.101295006175,63.6898388436044,54.8607997255371,61.7578705474511,59.1174362473065,56.9304201958252,63.7938166350121,54.4026184089168,59.5177020222071,60.1772254442208,54.9948622249218,64.3517733361281,56.9325425841433,57.37178258154,63.4721272177268,54.0822980107447,62.1101778006999,58.7577917165023,55.1728439388253,63.6129737600321,54.7430649952234,60.142366239847,61.7428529494973,53.6696525153855,64.0135326654111,57.4103036435918,58.2724589336019,63.2612258317729,54.2084464687577
16,184.541671575829,-0.580623827041379,24,'1',54.4597830554329,62.129254805866,59.2276483645962,55.4198238540109,63.369639857344,55.4009175464567,60.1120605536739,61.7582543741713,54.1220000542447,64.0234104332076,57.1282697133073,56.8685218408675,64.7227469113941,54.5125476664289,60.7006407257476,58.8011727947736,56.1196837970546,64.6163030708088,55.0191786009099,59.9868598707489,61.4212256328286,54.7896781952256,63.6531854807914,57.1462627268743,56.6723452125221,63.2812663019475,54.3397072686755,60.3079084492978,60.2451717486826,54.2418311808718,62.7974992046022,54.7006251592415,59.1747987842294,61.2578725267656,54.6897462551444,62.1974063696378,58.1818206599519,56.9011010833684,63.3727770330416,54.315513562089,61.2839786354713,59.9758224651541,55.651299073879,63.8483159286199,55.8001636988021,59.1934075015887,62.7175883481996,53.7074262184909,62.1057029455061,58.0145473795957,55.5120461243627,63.852254348924,54.0956260187437,61.7251077793323,60.1821830660715,55.0412766926614,64.2350985917815,56.5272649623278,58.6308887063612,62.4334182279332,54.3577228817563,63.7341157974226,58.3539177281587,56.3553762244888,63.510328375762,55.2621532915232,60.3217120493181,60.0864506573335,53.7822052990219,63.8043184958189,55.0114315839853,57.5912374181268,62.3225349456836,53.9800828841052,62.7754944347908,58.3647255110707,56.5744185434289,63.7969148068989,54.2441567872625,60.5105784007383,61.4335458115962,54.6883439865101,63.6135371418133,57.0019789638144,57.1064748986699,62.7217405650918,54.5264088478036,62.2679320741045,59.0408990311972,56.1088636121019,64.2293635513259,55.1350914137686,60.2113604502533,61.976254047662,54.2776463411662,63.4720185604771,56.2974699142558,58.3029854308634,62.5640729428108,53.6243803118479
17,204.614164904032,-6.49369439652442,29,'0',33.7067047911167,35.2771825445858,35.6865295785423,33.4120557329209,31.7426862143518,33.9293829284124,36.0986787459178,35.5568830038368,32.9328365966687,32.5428330286167,34.6772362107583,36.436691261068,33.7110661170878,32.8533421543639,33.050361974267,35.0670610781786,36.0765343184934,33.6441944263053,31.6577036882968,33.3568937587166,35.2596796422664,34.953964140621,32.64651991397,32.237573973505,32.2957121405853,36.2263565431277,35.1413422486687,32.6608788473929,31.9194379709802,34.6235055337823,35.4356091772322,34.2971495407936,32.0228055657892,34.026689461152,35.7499468520931,35.3394949820141,33.2673438602065,32.8624712421329,33.1882250655011,36.3380080612252,34.7594833331309,32.7151296268427,31.6043516962471,34.0280229470084,35.5880976604408,33.9748372854087,31.9556221013139,32.9005254514376,35.4999760812871,36.0678546342204,34.0420042612404,31.3244935381157,33.6080663872219,35.6122514870861,35.4362488398345,33.171910851998,32.2145803810204,34.1153918137546,36.4840140694757,35.2452105495113,33.1675618163026,32.5017850477556,34.3610606367121,36.169484556019,33.734230091004,31.5750078502851,33.1197574986664,35.9137088240144,35.3331307084866,33.72874110457,31.596156992809,34.142122986644,35.1150554706329,35.0737547468301,32.292905593681,31.6605430867391,35.0669061231139,36.4907185052806,34.1168727167729,32.094148364326,32.6107955786217,34.924409497875,35.8917231046862,33.8794648608042,31.1573429849534,33.040492612239,34.4868729976268,35.5390673598693,32.3311570767154,32.5379633703511,33.2909817876712,36.3005386782594,34.4522621162825,32.5187331159761,32.5328882896511,34.8924647383937,35.5542788478069,34.1641811499607,32.8808568688992,32.2972469854515
18,203.432388627588,-6.58703723953277,27,'2',54.5545219722562,62.380522741156,60.0437061758304,55.2167607130981,64.4263984695936,55.5709188913661,59.2764710735378,61.378506525588,54.5681661589827,62.7158804933551,58.0829588702906,57.6323021309266,63.3968902595016,54.086094242525,61.7659995786198,60.0519055756824,55.5117427683294,63.9331646707282,54.6356147513057,59.9508142724574,61.393234225884,54.1265863716574,63.6357002478371,57.0996101590722,56.9302723822229,63.9376342914257,54.0143607458906,61.278416565145,59.7573683045344,54.8787691623128,64.479330899778,55.5328162846342,59.1977308701027,62.0469257502327,53.9814178140446,63.1316518891591,57.3651423884856,57.1141487571007,63.7678877004851,55.1451707467502,62.0260490322242,60.2753914609214,53.8927033719168,63.3483915863474,55.8415427173677,57.9100002309875,63.1264432111561,53.5268897250993,62.4850449960073,58.4096520757009,56.3720288087482,64.0251827364675,55.7251089265884,61.0717342732647,60.2134562258096,55.0981375889442,64.5635791809077,56.677262565699,57.8809724519308,62.8777541785288,54.5671967964813,62.4899680813783,58.1775253048027,55.833507340715,63.9122668659505,55.9440587082933,61.4401928260053,60.698468841503,54.4683614924401,63.4582763026583,57.1877704479023,57.889084175694,63.5844864752586,54.6631816367211,62.7992567131668,58.7386278841013,56.0660809426902,64.516343240563,53.3835628679509,59.4128070879118,61.1793564639295,55.3377722288982,63.2285104811951,56.4445778325797,58.1396065820404,62.5335549132507,54.1181265423292,61.910010774056,59.4752124635055,56.4408583827976,64.2484161355675,54.3872714152968,59.8209409954865,61.4457309200672,54.8200584513612,63.1817348630808,57.1996097817179,57.331980859668,62.725588980341,53.7483383447169
19,190.632619144022,5.38621730829247,27,'0',73.0715843196869,87.0322944821067,81.6807768268945,71.1759229808138,85.6886819048326,84.6796816988517,71.0890027776904,82.1894048914547,88.0292443009319,73.0643830303317,78.0135328504239,88.711871753048,74.3576301603697,74.7196325776913,88.0134040869586,77.7287379125338,72.5141515227864,87.2778352817691,81.4355600731279,71.0268438519941,85.3150866359174,84.362664453195,70.2680674456193,82.2378283117713,87.0921283074082,72.2968045679996,78.7541753349692,88.4259693032742,74.2252822064061,74.7831462784405,87.7804836687911,76.522101131574,73.0054850067984,88.182882944253,80.7133680719301,71.1877994443457,85.7219525716992,84.4342828014261,71.2181455330168,82.9226311711383,86.8705835586138,73.1439039354114,79.8357292352112,88.6695728063925,74.0994342290742,75.189449103899,88.6872414021947,77.0695609370943,73.311358470289,88.4530592777893,79.9541022586483,72.2575825492747,86.7929978920403,84.0552649741423,70.191293961243,82.66801954892,86.7204783968576,71.725588104337,79.5379748688253,88.6206951757037,73.7546554048092,76.7443189582759,89.267053163023,76.4000731033309,74.3508607857269,88.6552926039643,80.2985738260427,72.2225048472426,86.4005176620625,83.3273833826111,71.3316392806909,84.6213669233775,85.8881512755057,72.0278353610645,80.7175985891334,88.403931670395,71.8238243050515,77.3022954997353,89.6727025202391,75.9435560548122,75.2061815094867,89.0338653386073,79.4656296311135,72.4413774724355,87.3975936303938,83.9678832992679,70.9678668720067,84.8319743199845,85.1558725689753,70.8747875574847,81.0623472399512,87.9787786751895,72.6442988906312,77.7513815575759,88.4000754828482,75.4762833678692,74.8028184832538,89.6830048739839,77.3746011575978,72.4345693501592
20,208.442342823639,-8.11780919247319,27,'2',32.8357548405716,34.9174010958105,35.3447179630937,33.5913198499098,31.8591723945562,34.256872576757,35.9800989252792,35.2434116365762,32.9135301183188,31.746488004241,35.242355287386,35.7707821387777,34.0350992979959,32.7932738957744,32.7063543321802,35.3522527177891,35.5541021946833,33.5475039265722,32.4786858890565,33.3380037044484,35.7204284192695,34.871393211388,33.0099759920617,32.0080326570324,34.2254471148144,36.2541767400714,35.2319886723731,32.5073527519352,31.9080797308664,34.7711421904049,36.4736309037321,33.1623320629873,32.2540652378812,32.6339869081668,34.9206750539592,35.8903040811882,32.7277326692303,32.137549375323,33.4314290911425,36.2093224956196,34.8345364764751,31.8018730570788,32.9240979361533,33.9796108927047,35.8005408594902,34.4341011429813,32.3665794660506,32.8829011143604,34.7882702306593,35.3735655147227,33.5356462521525,32.2699827332584,33.1504170464688,35.3502959810323,36.310526205233,32.2275137924415,32.3787605094272,33.7076320410094,36.8194726039627,34.540784142226,32.4725019669812,33.3721375816766,34.4762008730435,36.1210985044679,33.9666843306675,31.8219732227633,32.9621150971111,34.6481214139903,35.956790790836,33.731291175866,31.3681066538357,32.8861252614808,35.4131104800039,34.6865421356195,33.1989633955641,31.5787469462431,34.780917838178,35.8425547484662,35.0674476357142,31.3874141446049,33.222351554989,34.5502835201172,36.3623382381279,34.6102964406232,31.6954303534187,32.8681266443487,35.3806160025838,36.1815716792271,32.2252807724461,31.4449483589854,33.1367675258134,36.7573985957232,34.2943489840216,32.3453401637176,31.7612437463745,34.9771632103874,36.3125859897278,34.4255267990562,32.1579307838926,33.0288783266511
21,195.026363011099,-0.0385916173085746,23,'2',53.8373005140958,61.6306359229212,59.4582700266019,54.588972030535,63.3943546586945,55.0224549664701,59.5104653008953,62.1301161548933,54.6424067390786,63.3882941937064,56.6985426297624,56.7291323911021,64.2142757373359,54.1277857319073,61.5240813486052,59.210820440346,55.1265150627506,62.7417900997758,55.5708110361086,59.2615761468784,61.4070471396211,53.6079742891976,64.5450416418968,57.2433096296325,56.42720175018,63.4481409331426,54.4577873191873,61.7280348757451,59.7880649457037,54.7574660379122,63.9789778619716,54.8892097527859,59.0727773639176,62.1118104300069,53.4220581698032,63.50092667201,56.8668332547255,57.2526507195304,63.7893418255842,53.8234147709103,61.9688034574531,60.4103475055561,54.3167529268848,63.4142794971069,56.530753143595,59.1329809591647,62.9755764590763,54.7823303502714,62.4486888489266,57.4405569186321,56.1952590398425,63.2941624395867,54.242285502353,60.8955467934572,60.5387974988287,54.6856372741792,64.4131349232173,56.5996480386031,59.2809342133636,62.7149185423284,53.9765286264178,62.2977577681955,58.7803374776119,55.7292722037691,63.5932032110489,55.0515367954303,60.6043688573666,60.9375373610139,54.5598611047552,63.5292304387259,57.216107463127,58.5236292190915,63.3308369927507,53.2437214769843,63.1917012024943,58.822341865241,55.1013582739956,63.8137848817113,54.5989330826675,60.6748055011864,61.1846162020673,54.2328363266766,63.8349347037009,57.5257849497019,58.3146914531051,62.5646984579379,53.028366723391,62.5650515461525,58.6763532415188,56.0303668582672,64.2276283680112,54.283428148967,60.0812796720476,61.2413960513644,54.4120866552544,63.2379523715407,57.1596689604738,56.6093132348503,63.054778588699,53.4204520727747
22,195.435244800474,-1.23193074680536,20,'2',72.4749410789711,87.6212184022077,82.0102863753054,71.4320505189084,84.5489572239088,84.8067102838434,71.2317867294364,81.5176435431633,87.9826017280261,72.7007766023335,76.8473736817782,88.2113433405353,74.5278337855094,74.4971144335381,89.1674604513458,79.2227775611158,72.5990455668063,87.4124165412673,81.1568111834743,71.1873239432691,85.6250805875058,84.9308747230425,71.6523809561302,82.239899751179,86.1247821710704,72.0066690831266,78.8308108593192,88.6867378704286,73.7722531413709,75.5516403172258,88.9509871201165,77.0174354354379,72.2738614025186,87.8590282429927,80.9829874325597,71.2937985821038,85.4890763148577,83.8071373565889,71.1338809868313,83.3773618252572,86.394146158242,71.8726179372927,79.5608745799186,88.513869238646,73.7150956975047,76.382142682866,89.6696516001135,76.4032091577997,73.3380870295624,87.2500219095811,80.0422285813185,71.0735315080443,85.7835712342457,82.9669963310093,70.7759585265556,83.0613178839225,86.1658548345293,71.0742810277487,79.8840987583165,88.8371148502595,73.4926130426246,76.3830059650062,89.9370130389309,76.2648413161867,73.0098375496898,87.5260667196577,79.4156283803815,71.5528689768317,86.5367899181551,82.9199522489069,70.3504672033441,84.8263098292658,85.1676970893151,70.7377433744422,80.5549191453399,87.8899425119879,73.5630458387968,77.6661241724854,89.841346991928,76.7076356148239,74.0433099702282,88.6732033694506,79.4047696746964,71.1728643477558,87.002473433891,81.9476189529396,71.0295093652824,83.602478962449,85.8349916290508,71.1987135555951,81.3967288942659,87.3902717900888,73.0170300056617,78.5319204940909,88.9333288748206,75.4052252324486,74.1682801839707,88.3823535568001,79.4859363101968,72.4220531489217
23,193.918947703593,9.81965657821949,22,'0',53.7025422409193,62.4026905665501,58.2898700742535,55.798757302318,64.7633764915106,54.9971575061854,60.5208204610338,61.7574572526133,53.8125862607933,64.1564676395331,57.0705465016641,56.8626096940517,63.591203398396,54.9035509705994,61.8243039072914,59.6568883440678,55.2968998661291,63.4248770576785,55.3124413283093,59.4472913453544,62.3034746543652,53.7325849577717,63.7946031295525,57.3816200855467,56.7038836559158,63.5693949830581,53.8807965080257,61.3059606992151,59.7388076890149,55.2276558991258,63.8317499573516,55.845492500778,59.2800263204036,62.2624784817129,52.9849934807988,63.7970502782389,57.4230975582897,56.5937554841694,63.3190162881727,54.9082693884295,61.2226487425468,60.3231591733814,54.6951767438183,63.2262328159752,55.6155856508039,59.1273023676334,61.8264288815066,53.9380709159794,63.2330839135572,57.9372789495527,56.7367913012708,63.1990013324429,54.0148972706354,60.1029683662663,60.6240198377498,54.7640250205687,62.8883725730085,55.9382880498902,58.5263253604705,63.1973576226506,53.4319801468284,63.6658805327549,58.6672604887598,56.2030198248689,64.0909458810752,54.4725392629979,61.0993375710589,61.3455311554923,54.5861087679725,64.3276018927848,55.9569806646443,57.8156537347567,63.2314518143221,53.7965595288359,63.2397461139559,58.9079106479014,56.294058761085,63.3644368931409,54.020715980303,60.3273169715984,60.8316024781947,54.6817851403184,63.0873517053997,55.9751197634312,58.7796754054584,63.749482837089,53.7308324423993,62.9663060176918,59.0011518908928,56.0941517030318,64.1657779417324,54.5836162279907,60.0747019050748,62.9481667273436,52.6968380987619,64.0558891681078,56.114841083468,57.8160779230155,63.4676786474859,54.6103474363953
24,214.303232959342,-2.6833167767942,18,'1',71.8043686301066,87.9533180332771,81.8365263710067,71.6871839267771,84.4586970026799,86.0453648809382,70.7889533918171,80.8485923703985,87.6758502598663,72.538658367164,78.5543029417218,88.4177426733469,74.1880727832537,75.4303864086303,88.4482392683599,78.0539482574806,73.0779084722112,87.7932449811256,81.3906921624823,71.5216616904886,85.2013675851722,85.3505265990568,70.5873328494747,83.5314857072584,85.9669077090764,72.4379254124623,79.1852624043231,88.2976594778567,74.6540199930569,75.8588583456599,88.964677706125,77.6695113419761,73.3161833726551,87.8013094521065,80.9997131225033,71.9759136935812,86.4058884302222,84.2885776851377,71.1819065287166,82.5110434777733,87.1409163855019,71.9037596756959,78.9545634234101,88.3363710793627,74.2173997229878,76.2081336306858,88.8085656743788,76.6551003037189,73.213415183786,88.0777252083068,79.5286219946084,72.0524352895474,86.4518326833532,83.8136306813077,71.2512318122329,82.5809112019158,86.225765217604,71.9516061297774,80.380526904845,87.0929190389251,73.7882930332514,76.9904590329284,89.895704255431,76.5375274626568,74.4128402702944,87.6970380942798,79.9581418446201,71.9793551873263,87.6237478046047,83.1394666577615,70.5668712460422,83.6231577118862,85.6158889280917,71.4376118941515,81.2336308649252,88.7886899323597,73.6313135568654,77.4063078223437,88.6587282020162,76.1604977404799,74.4177552154327,88.3470913370226,79.0756343004035,72.415341999815,86.9009230713479,83.1245753639686,71.1206900910541,83.8158853329373,86.2489817169892,71.3801698110771,81.2647798217914,86.5377585375127,72.9362282945603,77.3340012718892,88.5688307667824,76.3407138007211,74.2822845276321,88.3698930119666,79.4012361967779,71.8260632499577
25,16.9302611368479,103.670396142901,19,'1',32.1596242093534,35.559388405615,35.5915772724266,32.3041363354203,31.9697232798491,33.7031559655939,35.9854295153956,35.7518127757865,32.2134751529648,32.0228411070608,35.0425501459184,35.1970177022307,34.0389938015022,31.8802413167535,31.9605884437025,35.2441596046175,34.8921613020874,34.7783554990796,31.740393644674,33.0524415395955,35.7287704526268,35.4457762190928,33.9222086838673,31.9926667834489,34.7220053747485,36.0394314243619,34.9485648236565,33.2243729398288,33.3804019505695,34.8048806042788,36.8130938145303,33.101242511756,32.716190665276,33.1995507026157,35.720277867162,35.3502742059222,33.1371797914132,31.8919577529127,33.6474778963456,36.3130393000069,35.54484380985,32.7887334037522,31.6451941385653,34.0696944129933,35.8820801515378,34.5848053311949,31.8942123423977,32.5506273390588,35.4812862333662,35.1419493950642,33.0064789382514,32.0450904950966,33.3325015899147,35.6932221786386,35.9268865243332,33.9062934069687,33.0733008482103,34.4133643702978,36.2514184128676,34.3395377970103,32.5368466778985,32.186796112847,34.1526155985521,36.5586096478359,34.6515588792887,31.6920270381633,34.2520866375038,34.7326505043779,35.7128172891101,34.3830713241141,31.8184140647957,33.2929638181004,35.6314965976641,34.9974274884853,33.0479838121144,31.57870864504,33.3533582371602,36.640152939443,33.8230922905637,32.201921944276,32.4825329221028,35.8512446394468,35.3199632085222,33.869066895595,31.4511070775317,33.4693919952716,36.075414649715,35.424578283499,32.6839092124534,32.3704935808194,34.1478183552471,35.0753953804847,35.3289320537225,32.5278143263619,32.1646688588058,34.8978855262587,35.185352463025,34.3559883023761,31.2630853739861,33.8533524041077
26,11.7163516075297,102.48247709592,26,'3',54.0722333123925,62.7165629107604,58.9553959793476,55.1160288511405,64.0450638594521,54.8920341514495,59.4306562151496,61.3675052939054,53.6492958162062,63.8941217976004,57.4424647502417,57.8719041331283,63.8639914295706,54.2364902939143,61.9536617444772,60.0683324255717,54.3633908057935,63.5280322922671,55.2086586897619,59.2128969630541,61.9426895468454,53.703517042748,62.5030824930653,57.5087467387075,56.875003528971,63.9847336634703,54.7215184004027,61.1674580980136,60.125200427025,55.8704718808849,63.7335318699576,55.6997649417759,59.2607091826207,62.8230575366796,54.435833781393,62.7566254149979,56.8268128821268,55.8705659170559,63.1079469316179,53.7106232895128,61.5285736318345,60.4107727012232,54.6551149372687,63.7240492465898,55.078564091057,58.5186166033692,61.5322253400276,53.6927104181533,62.3839246867419,57.8039168668169,56.8634493060742,62.9619374258412,54.8809866788472,61.8797325529491,60.2274694700162,54.2877916148932,64.166748608597,56.0980119461966,58.4809994302845,62.8809204002542,54.013706169468,63.4523218335,58.2546655620213,55.6820381916756,64.7749052678844,54.8804293478373,60.7012312304895,60.3521262411082,54.5331421469068,63.6176519159291,57.0127827552019,58.4398278844989,63.1322351545534,53.0915548314181,62.723868303283,58.4076805305023,56.3720800970066,64.2941931778081,54.9972058308595,60.6832116987266,61.5158968306741,53.9744536414555,63.1352280179431,55.9554842814834,58.581637477363,63.3593624669571,53.701560874645,63.4223630829941,59.2033006310865,55.2267061180134,63.4381320911423,54.6787446859604,59.444301874722,61.0954738740974,54.7665884362069,63.5885427654661,57.4801340410209,56.1529606182271,62.5437688596602,53.9096568748754
27,21.9735582399067,107.694200698121,28,'1',32.4310495624581,35.389586494831,34.8874675428486,33.5727836301996,32.5182740767808,33.8440074680511,36.2588575684321,35.1513773081176,32.5462190346152,32.2437681081878,34.9534892392218,35.637119843022,34.8887370055851,32.3488104964943,32.3281833198984,34.7427571738728,36.2947420645162,34.0170705627972,31.6953570309139,33.9240329770727,36.483707948141,35.26908693754,34.0241084542999,32.7332435960762,34.1349185155102,36.0789447862399,34.8793920062177,33.1140321598764,32.2063999432775,34.340194476294,35.4713092334353,34.1941231820663,32.682209833156,33.317722522214,35.374981471771,36.1566582426701,34.0796089831345,32.0437789342788,34.7707963626429,35.4438062212314,35.6780751311134,32.6045712121846,31.8734582052528,34.203674031607,36.6075671771268,34.0869139922167,32.1345860480937,31.8769024465707,35.2813918462682,35.6794264089766,33.196899448275,32.6433228782341,33.0088594537968,35.7991945491016,35.8033596634,32.1376324508205,31.8943320955522,33.5877617311236,36.0144689080679,34.3453001934778,32.8696538266489,32.4078136671936,33.8681466184309,35.9122589614368,34.275071616382,32.1256503814713,33.0407708951015,35.8466256115132,35.7363069302111,33.4103555458096,31.8033995262352,33.8597105625712,36.3768510569516,34.7961154301088,32.3023244726388,32.0571161026703,34.7825401154111,35.6877925417495,34.3322571533133,32.1445663504947,32.8053418063944,35.230031811728,36.3080333972655,33.583372419906,33.0048480702794,34.0277535025829,35.7812040089666,35.193441128121,33.570985985582,31.1996229685388,33.8506517946631,35.7807101196507,34.8064119115475,31.9376600364879,31.803165241195,34.9928829712491,35.3675251810201,34.7775854089925,32.5618415557333,33.7104314320656
28,-2.72095671309115,101.85223444066,28,'3',33.4105399130599,35.188736580451,36.0186868859768,34.3270477963152,32.0738487469198,33.2274674237967,36.3533165201964,34.6565919374361,32.6199763137353,32.3315192861975,34.9767891594707,35.281679171003,34.0037635714508,31.709435142862,32.0726746271891,35.1751866726284,35.9866008311562,33.8050958898815,31.8421367643894,32.8479389179834,34.7733667134476,36.648106572132,33.1142170200207,31.7871422018161,33.8489085355005,36.5428954493421,34.9743669374248,31.6489230587088,32.1901952809773,35.0270084020068,35.5310039122073,34.143464421148,31.7339887257259,32.7411647709536,34.8872630830044,35.7765410943915,33.4414335611492,31.8616937688638,33.5838242301696,35.9506828649363,34.778254950397,32.3443447877982,32.1898886086644,34.8081047983682,36.0741324805321,35.3264201999841,32.2516541994146,32.2341836654965,35.0058695094652,35.2625001193529,34.1056942798703,31.6740559636068,33.3571163282869,34.996877377095,35.2452714221428,33.5706776374438,32.3525179319179,34.1010818107323,36.1907187641435,35.2730285659039,32.7610600471411,33.2378066305787,35.1327987705452,36.2634870813735,34.8990893880831,32.601580347739,34.2747855361595,35.8926647080415,35.8774123938858,32.375461017777,32.2760998766751,33.5382207098109,36.2772149213276,35.0756184581517,33.3796879624259,32.0507649137142,34.6654760588111,35.8248364084724,33.9249997428476,33.2021912532905,32.7381045467697,35.0798721746389,36.3587210472887,34.3613536011298,32.3509355048061,33.36649428848,35.2633008391976,35.6480033603313,33.3853779795505,31.4259776664037,33.6597081026488,35.3257462705603,34.3232824094102,32.1668263309507,32.8322125339033,34.5507205218927,35.9006055071585,34.0636655705918,32.48669930681,32.4923458191162
29,-3.32628508732169,109.610979193417,24,'0',32.6382021160842,35.7826374940106,36.1937380905818,33.3388145974117,32.5232583261534,32.9664064665813,35.9897796877977,35.0783881385909,33.132936490234,33.0631691090667,34.8529532039205,36.657742140549,34.3816350281096,31.7711820300593,32.6871296348996,34.8386783663986,35.918201346793,33.065156173939,31.9349948699007,33.9422446548091,35.787878821023,34.7462768184868,32.5746954635764,32.1813921942754,34.8966865454171,35.82722092395,34.9850099550661,33.8647374319273,32.3652722029779,35.0560845177751,36.0296439485079,34.0017162732563,32.2075627629372,32.7225453243761,35.180148408932,36.1916096525044,32.7923623864814,30.9621509537986,33.7184811270476,35.4969435016397,35.0600184512391,32.1363341740638,32.7995057505893,34.1334216631611,35.3721477685495,34.9754761712068,32.7558004312539,33.1821918175887,35.9429409253608,35.5477307297682,33.3858929217721,31.7594595455862,32.4194445897473,35.9353585154061,34.7393764711951,32.6570945259647,31.6165780035905,34.4100271694464,36.3477576030843,34.9235510401754,32.9492382262843,32.7973060368445,34.9322291095511,36.4121415847871,33.379231618038,31.501928541301,33.4307107663164,35.6488764794706,34.6810168399085,33.1230233250299,31.3935353419149,33.8021978857022,35.5586121889844,35.3074119214068,32.687872498798,32.4238383699633,34.2769916452374,36.066038592769,35.1826750030696,31.9916406957389,32.399587643992,35.3635238277595,35.3562758829135,34.2910486672626,31.9410933837844,33.0392046578111,36.141909489121,36.231419805841,33.5617770923801,32.2644959532649,34.386488432459,36.402045527652,35.3218453740709,32.1675417653213,33.1359953480694,34.2872987580023,35.388299907809,34.2590565706291,31.521351933596,32.6321052116047
30,14.1072393048863,97.412213200579,29,'0',72.941476940065,87.4948903587427,82.079079416103,70.3684662975364,85.1827875758511,84.4622254397602,71.2217937105703,81.6278698454466,87.5483623537961,72.7252089973242,78.3924535715027,89.2570709118995,74.10158335414,75.4656315363464,88.5916135288517,77.1149786109442,71.857639718435,87.4168885773782,81.3296283496108,71.6682666992276,86.0235377514931,83.7490565156113,71.2051843750592,82.5235996061557,86.3648147209657,72.1019800637018,79.2700152053778,88.8847767989995,74.7711581228535,75.6394671255487,89.6847980565247,78.3502640610532,73.5739668701137,88.3680188358606,81.3471289337596,71.2658429271708,86.046809114893,84.6784070135126,71.8625162332977,82.738390953391,86.5982227091222,71.1759023285768,79.4948437735658,88.5881267905636,73.2163534243585,76.3276875724366,88.0924710504916,77.0042066705805,73.3670370062147,87.7915977871026,80.6287296247882,72.4305689510757,86.9032854958324,83.0155568375531,71.0005231549106,83.1370607425972,85.9567873571298,71.7540024441238,80.6250993295782,88.1606613412476,73.2950072364283,77.1191188993281,90.21233191144,76.5124088109728,74.3084687593995,89.1728668375248,79.4745889461497,72.7583090022975,86.7274348072414,83.35299556575,72.0133684550193,83.8462033756097,85.0299937767372,71.2874525575188,81.4465838094606,88.7899621742271,72.1794172213079,76.6571971875362,89.487113133106,75.3544074548939,73.6464691300636,88.6769092516796,79.581893555695,72.6331996132107,86.9591631994631,82.6088107135779,70.959254085735,83.9201442872925,84.2782853709645,71.727233485516,81.2745552396874,87.6793449705644,72.4801900651377,78.0962037748677,88.8710771134565,75.0067695958331,74.0205580628506,87.4989760317559,77.7513470271269,72.7853608173542
31,-1.66223638453238,108.895955774461,24,'1',32.1894133209074,35.5080256551919,35.9940982123445,33.8690180663941,32.1167252434281,34.2617028961019,36.0509477585856,34.8748433585569,32.978241586801,32.4140290968227,34.8913589981881,36.458891592444,34.2880631191102,32.3247016571167,31.7548675458257,35.6232382638538,35.6780559174247,33.7641529219346,31.7298598221907,33.221674894373,36.0976493958259,35.029268676676,32.9586795465423,31.8001568734511,33.707065737679,35.4129199682649,34.4990053481749,33.0955116741632,31.7039160871696,34.9690650797677,36.5783721458969,34.105894608948,31.7177312152695,33.5547686516159,35.1362460309278,36.2401581932715,33.3429420647169,31.6105124469763,33.1873024675101,36.0483319278089,34.2340610608538,33.5025622637625,31.8569265596774,34.2400001558539,35.537233922407,34.0989707660205,32.2727614577091,33.769415351197,35.6298249293643,36.3682776347111,34.2796206543362,32.5525494464993,32.5032246075525,36.303688217207,35.7379834369346,33.4107543928472,31.386378791888,34.2469362765,35.8595410137747,34.5582026530513,32.4492631600915,32.5361770919437,35.0147148627438,36.4977928406657,33.7244241012956,33.0474662874962,32.5936229153879,35.2212784728715,35.8955806979207,32.7627607992631,31.9380242045065,33.735310863141,35.6053646322622,34.5850731205389,33.4398900931994,32.1517271495644,34.2226365762311,35.6837781443495,33.9162081507769,32.3739908292282,33.7390979391715,34.8681515533776,35.877905985704,33.4761891378267,30.805926602772,34.0419244807058,34.8912159437889,35.2984507390504,32.4427588288804,31.7069984956745,33.9574198396774,35.8923482518134,36.0395362621556,32.0563959376723,33.3144762375529,35.7726878166818,36.0520071670606,34.5197925667706,31.5741183049151,32.3602976897403
32,6.78217991499092,90.3400101689106,25,'0',53.9752601812485,62.2731402203544,59.2642849265205,55.8053707565544,64.6980607081786,54.9999649105542,60.2305950958097,61.9559802947446,54.310127436014,63.2347981450207,56.9640438475037,57.08460354606,64.1133086423007,54.8431540009049,61.0179243817659,60.256314901887,55.5430882702539,64.1317370190621,54.674451997369,59.3154044984605,62.0812142958331,53.9723666662625,62.649645173132,56.7480381333732,57.4495827806065,64.3238523712781,54.6011993297329,62.2231541567998,59.8865333636106,54.2652539095176,64.3133206577162,54.3429287773129,58.2546120463085,62.682007057279,53.9340981128013,63.5905187639799,57.6875540427232,55.4902639864906,63.2472990777186,54.5501150722743,61.5728618818311,60.2637485391868,55.3110744691194,64.4794232128519,55.583423196637,59.5862064276113,62.7484309035162,54.0106503085494,63.0331766954772,58.5749760116134,57.4235299811366,63.8794841216511,54.0188308127621,61.6475934919718,59.894709665043,55.0341204045148,63.410667843501,55.4778613235593,58.4215537515431,62.5469638533236,53.0691784915368,62.2750578247269,58.564751930769,56.0978213226079,64.2962024040884,54.7245394488645,60.8831535217419,60.6063279282425,53.3396272740496,64.7222774707712,56.8368410654694,59.052488962278,63.0115265224689,53.7280379878644,62.6075221675473,59.6351070536755,55.0638691367658,64.2946766736183,55.3228585398229,60.8606778941573,61.2139931925727,54.1477208065182,63.4801912845188,56.0447895941524,58.8223883728944,63.2026790183486,54.4475290647943,62.9182880626867,59.9868366454236,55.7854783879642,63.8383711016189,55.0047517547789,60.0853925743546,62.5858454144652,54.5782966957067,63.8439975638745,57.7703290917261,57.2682997959019,63.0506575738707,54.1449397698043
33,1.37545559461902,102.222533441151,24,'0',33.5026958465853,35.56991989442,34.7914860848032,34.067162156416,31.9859366429617,33.4373317033026,35.9670185782961,34.6754353507233,33.3824245372577,32.8089784516917,34.4089494731162,35.2665991893034,34.8418744689683,31.2436333653496,33.2102801002848,34.8985793740796,35.9274677092376,34.3294101940722,31.7844547323987,34.3053369512051,34.6460431335074,35.7860035745816,32.1742782493259,32.1548639112476,33.9387439130883,34.9179460102411,35.500563720343,32.9286325122774,32.716961810785,34.4836212683031,36.7570082559337,35.2967548396404,31.4946358665307,33.1143333403527,35.9077269074322,36.0877916017668,32.9180969062556,31.0571418997457,33.8347958096025,35.8959107362313,35.2710346286804,32.7789495854468,32.1261037142297,34.0554691858755,35.9871152495705,34.843965993601,31.9252365669051,32.6538288266088,35.0102089896138,35.7121386068863,33.3603120033864,32.334452671933,33.421229285897,36.0824470331502,35.2094244644207,33.1801940797146,31.7216193447034,34.1165295178498,35.0490644423771,35.9265010236723,32.6047977207074,32.6585476914923,34.5179008007066,35.7890163921761,33.4316478597261,32.7968432522817,32.7258268098164,35.2659119075116,35.4960628956628,33.4400525723941,31.4282430601196,33.3831386797462,36.5441412673671,35.2132411995517,32.9717026988613,33.3558884989604,35.8451002374986,36.1351527128627,34.7780022117114,32.3817358709172,32.5561033172752,35.762712824018,36.3881297207155,34.1871236308171,31.9035347692299,33.5598390929347,35.5822017378474,35.9443776494166,32.8695418435741,32.9903213884274,33.4548940101043,35.4769335044389,35.2008330699103,31.7495634873347,33.1543018441826,34.4190123278766,35.8128900275146,33.5393375882398,31.7583417279331,33.2099374221318
34,-5.99642484320029,102.264782636025,23,'0',72.3864106411884,86.5051584502863,81.86981994464,72.0236705631652,85.0526339739361,84.677875810913,71.2940901030189,81.9675243106206,87.0330375598645,72.6664268523756,78.5410357097507,89.4750063889092,74.8954572926216,74.5810062881592,89.0299609435932,79.2240100417691,72.7461749005295,87.1446988086316,81.8932741956919,71.6087044769118,85.6558498530719,84.3663380957221,70.3337264747215,82.4718140990326,87.4755918118348,72.4160853692049,78.3279408040856,89.1373046046461,75.003463311133,75.6503937241023,89.072212259392,78.0759839540637,72.3145454018504,88.4794094699147,79.8890329354851,71.7558574293845,85.4396234806473,84.2142244945971,70.6556905540453,83.6599375588401,87.0194937802016,72.6031762536194,78.0934046714976,87.9605924119892,74.4236049209684,76.6926914521079,88.8999537048514,76.5866649544165,72.6549424206223,87.523200853979,80.235490098405,71.7592934703256,85.8538120305176,83.9240822366574,71.0881127795316,82.8019494670525,86.2123278641139,71.183966780716,80.5250613956979,88.44711409212,74.0008229919476,76.5879093428066,88.8514955713282,76.6888650809789,73.785337526413,89.5995448346764,79.9766925475313,72.7135486186582,86.714072399243,83.3530652395768,70.6621122373719,83.1443643870024,85.6320447441699,71.8617555707316,81.4033998789448,88.2972048648623,72.7362448165535,77.3538297337187,89.9158707416826,75.8698717080046,74.497828053692,88.1600377558811,79.8316051049963,71.9859821597923,87.021863537663,82.3545891205656,71.1202941568568,84.6890252261578,85.1815338836526,71.5685956983981,81.1902117376371,87.4253665816033,72.406872730395,77.9382003671182,88.4396937188203,75.8607760774783,74.7757974349247,88.0313585099818,78.2328571462153,71.1815459059484
35,-2.76779654193186,103.078739207903,25,'0',54.3681741237956,62.2000927305432,59.0932537525894,54.7450057365501,63.883167065862,54.6200695818776,59.1442386454227,60.9746599782049,53.893130138983,63.7493125797358,56.8512816709757,56.2651246936361,63.5216160919575,54.3156576982218,62.2064883873192,59.7353364032149,55.352444270458,64.698803019313,55.5560451319904,59.9807203940778,61.5708027385466,54.309312495645,62.5700563164418,57.7069425426072,56.712374157109,63.0145389030432,54.5161681879437,60.9206524749941,59.1919044272527,56.0905401124973,63.8042728170394,56.2479440208443,59.0700088921916,62.714874216241,54.0026562357239,64.0063882542431,56.9886345408573,56.7988234708966,63.3321141889293,55.188447362469,62.1730403003363,60.3076408984088,55.0234969325174,63.9606468182747,56.1310298486864,59.6366462202643,62.9098592132561,54.1268944588887,63.2418365640909,58.3704053915188,56.2015440500528,63.2048497410504,54.7172329258078,60.894047620314,60.6824817532858,54.52652554807,63.6224564260958,56.2954899743496,58.6195551732088,62.579164850455,54.0666905413904,63.5358628809275,58.1897846335445,56.1116228911294,63.1109448798086,54.9489988220465,61.5841852894932,61.1102409407218,54.8289768280045,64.1219896447443,56.4318264885788,57.8501197963814,62.953628348037,53.9623850819418,62.5916597938104,59.3705550190133,55.2386444290916,63.4438932892541,54.894371774096,60.2063537555944,60.6506570774832,54.5479529610652,64.1559587118458,56.534182009872,58.5233109729696,62.7329955615259,54.4394490795407,61.8781034271814,57.89557075232,54.4417891999941,63.4187111586444,54.0567890172227,59.5766313375192,61.6685707210591,54.8736605133206,63.8492790980413,56.4585084917534,58.2193312876993,63.2736520440382,54.690687351646
36,-22.0474618654404,92.7106183366498,23,'2',54.0506435847876,60.6834805300876,59.3340171069834,55.2842467285327,64.4766513160486,55.4301497298659,59.511309655849,61.2251126898563,53.7420842127017,63.8227509677691,56.0798092050359,57.1918645615172,63.5123630103369,54.368913057654,61.9278640897836,59.7719412544066,56.1278880173427,63.9606715044839,55.0286914847,60.3063951994925,61.6007599956214,53.3357806402217,63.4642249531575,56.9524839548689,57.5724268920668,63.4802589855985,54.0412462149989,61.0471852836506,59.4708127956825,55.0109184542828,64.2409261613529,55.3489367502369,58.9746229085357,63.1803962496968,54.706696389584,62.3184087464322,57.5909987991564,57.2806943789922,63.0200279517433,55.2605391973787,61.374407274126,60.5510282959552,54.5064038977549,63.6000739014573,55.4149907680472,59.3877421834782,62.1467461335302,53.6579295988514,62.7597500124931,58.1448361880922,56.190746715904,63.1561012710809,55.0890821789525,61.2519820244665,60.7335904562655,55.3503802114674,64.1146674605046,56.5488734537335,57.8253283345947,62.6748327411873,54.3127829668873,63.1684114082507,58.3820567079411,55.8798975639725,63.1109352805676,54.8525634535384,60.0310115390832,60.6606842199697,54.0088687374089,64.3618358992386,55.8886238565623,58.0705945933072,63.0449155388726,53.649150011684,62.1944015046855,58.8300107433236,56.157813101596,63.9478684580526,54.5011616665235,60.4084843636771,60.5319767541238,54.5263304409301,63.4193991457599,56.6757205869938,58.6760308811722,62.4087007790624,54.3517485533262,62.4764854438775,58.756268686543,55.0054171361821,64.021194867271,54.0234350793604,60.9042202381268,61.7951033189514,54.2831565364468,63.2746814639339,56.6779479488766,57.219141926275,62.9733713249924,53.5170042753466
37,-10.0206317746164,84.8270564965931,7,'2',54.1590400775777,62.4187357651785,58.6856575631398,55.2652887749064,64.8990052916909,55.0302733244999,59.0143332182852,62.0786413314031,54.1922317454907,63.4873847772664,57.0080630778068,56.7483489811079,63.6323089585423,54.2557363077388,61.8403432459242,59.4231872452479,55.4170281658963,64.2753901603404,54.799304754781,59.2204113960621,61.971659483002,54.347279760254,63.8070690978986,56.3151212820866,56.9217569415594,63.7912353062046,55.3114224549869,61.6407759337695,59.8156595468014,54.9318937317671,64.2120836020182,55.4038058602833,58.5631264306292,61.8121814934358,53.4196764020021,63.0608544754811,57.8260909191742,56.0068990286157,63.3278841098466,52.9173668364737,60.8491562620911,59.5077608115746,54.3010679028338,63.8497351475039,56.3837982572746,58.1685812366677,62.1177661130219,53.5243519268281,62.5440095307049,57.9798393792299,55.7975301182621,63.2022475362536,54.6150522785121,61.3707122132329,61.1281206131356,54.3377684641038,64.5884087085823,55.5816116766103,59.2369491538733,62.317900135916,54.3475669996331,62.7065296885314,58.6048152175506,56.8346268980592,63.2275474738527,53.6390908497895,61.0562040585937,60.7149164798823,54.5008787477563,63.514656499329,54.8831351981695,58.4738406817307,63.3133143082145,53.8909243189449,62.4442716865524,58.3772982535472,56.6430873312576,64.1402855053897,55.2776526155359,60.7998809475548,60.8213292612406,54.8426036458583,63.246654068536,55.9638171086863,57.9907049010428,63.6805917442046,54.1773802739552,62.804488568482,58.1726947455395,54.9158000021456,64.8600198558547,54.9648916131779,59.7875220592805,62.1894909544491,54.3880504388004,63.4773953274144,56.6754390209357,57.6427747871098,63.8011794481756,54.0446295570007
38,8.56105096474241,115.670229859773,6,'2',54.0314710704773,61.9545990514179,59.640378650936,55.8575332201797,64.8113242617296,55.1187065870621,60.0701458194823,61.5580721236951,54.3787705734201,63.0185558670806,57.955006138828,56.5179529758687,63.6894863950179,54.2986755810357,61.1280057485488,60.0135042526854,54.9319504419641,64.0897343929455,55.0564409291609,59.7834249839082,62.7667783325633,54.5249499816484,62.8495876581337,56.9770606118197,56.9527765210917,64.1349442003798,54.5199907869019,61.984134241527,60.3846135801776,55.2178259832925,63.7104926410658,54.3923317421008,59.1242269289917,61.7888057900072,54.3753102591067,62.8214139160154,57.6009332422437,56.7724631259843,63.3990787652669,54.0413928804423,60.6676981288923,59.8678394955244,55.8825850990744,64.2218656261988,56.8069154989033,59.0764715004109,63.1838699101768,54.2146670367371,62.3939020877128,57.7443431989609,56.5201649178453,63.8268607248441,53.9717428917058,61.6535694741702,60.6570246242517,53.6098706111077,63.9164214682779,56.6653724642895,57.67673412307,62.1885684606945,54.7770023884832,63.1332806936499,58.68490569302,57.0607742013517,63.6367309975473,53.7661385052698,60.5051252156428,59.6893493021671,55.0867008131717,63.8668286771133,56.0151402676836,57.6998104572915,63.2568232058636,53.3648874898453,62.8273226872879,59.1999526602734,56.3266043745493,63.9517310902787,54.3978719882253,61.1332509380486,61.2326643155844,53.877246852578,63.0858849192798,56.5990656729354,57.6134194685119,63.1987623998159,53.4884833507691,63.6464526000644,57.8637856038694,55.7714959752151,64.0040138772931,55.0458748155628,59.4570543795998,61.0502559653656,54.8863425735861,62.7737111021993,57.4249785206308,58.0545082992181,63.8094126317323,54.2854575402005
39,12.4330420153592,103.603085869838,5,'2',72.6520029848626,86.7840353989062,82.7273814329747,70.9458397619783,84.6216158774834,85.2265494777714,72.0936745499768,81.996056123929,86.9657575087555,72.339832898245,78.4767686231284,88.8675627779881,74.9449548144291,75.3157020921306,88.6110388666774,78.2803024860118,73.1160368564954,87.2501898065188,82.2424465367224,71.6200164963727,84.9374636827298,84.5999763931536,70.7472574079551,82.7975419173145,87.0661692037168,72.2002891281777,78.2358715973264,89.2272864831048,74.6842285276045,74.867365802421,89.3265032932821,78.1752452885429,73.6277570252229,86.999170612419,79.848189145006,71.754059554623,85.5738817672291,83.690549926167,71.3683276585084,82.7787670424437,84.9768290137249,72.2137844166828,80.4271228999629,87.913508328449,75.0277056165322,76.348013201367,88.7450144842449,77.3694882366451,73.0116889585965,88.2358179336162,79.3324172804689,71.4917116910836,85.5902705551935,83.3654932111375,71.2727612169658,83.9568432781857,86.2271002919652,72.0604094169957,81.1194051255331,88.0838703589389,74.3612766209306,76.4072530478286,89.3047695423158,75.9820120112813,73.9892633276386,88.1806671859438,79.5437518343257,71.4721432933132,86.6915759034385,81.9205432031251,71.0130167247661,84.2795263225569,86.6169496119546,71.4550257879049,80.6619081343589,88.0188316352132,73.5877331966357,77.7523460681244,88.1601490219688,75.6466816507436,74.1497128189293,88.0338221711575,78.1090457398973,71.8767947175894,86.9309285449856,83.0584117961876,70.4323153227253,84.2871712201868,85.2378662129709,71.6197982748233,82.2055792459655,88.0954698443265,73.3872115085984,76.7962023363534,89.1532857017382,75.2189428673391,75.3971892819885,88.4636211008549,78.7665087236025,73.0751821060532
40,77.1136702550613,92.9061131625628,7,'0',53.988291855704,60.9437675739054,59.5211970645059,55.8260498050628,63.3188542040088,54.5993085311155,59.735643610259,61.4019334584306,54.6836892888073,63.7521533614744,56.7357828981162,57.2285822125692,63.6544105579931,53.74475379114,61.7408828128709,59.9570443467149,55.1410588908831,64.1281018430846,55.4024530028709,58.5347946673182,61.8924881807535,53.7306731254587,64.2347554171381,57.7424989480529,56.7535770696798,63.0547263952071,54.0959689749231,61.4644190633329,60.1547715991221,54.3757740688302,63.4548319414102,54.8646610191303,58.7071987330105,62.1747293471512,54.694905633589,63.4592113110729,57.9137564313452,57.4535699988917,63.7555257046648,53.2839778527596,60.84216720767,60.9806551056344,54.4164962922739,62.6977378785733,54.5432947090772,59.1058587780023,61.8886442580662,53.0264867531634,62.949028840332,58.7362948386559,56.4680733090361,63.5999474301297,54.40145074383,61.1046035630725,61.561675133305,55.4644883005436,64.2723431893873,56.4928788936175,57.5988479820857,62.3420770369,53.5351238340958,63.3540971204434,58.4408074575974,56.8155121213029,64.1611612849023,55.1742400112183,61.473872951438,61.2395276127325,54.3897113790694,64.3809776521232,56.8585339755523,58.4001745292828,62.1214090668805,54.5341914740954,62.0903675855818,58.5777510308193,56.0966552509062,64.6868887748555,54.5611223163312,60.4408297911073,61.9752113854123,54.1067073034749,63.5671984697133,55.1988936459077,58.7373241211595,62.8475826766007,53.7596974672367,62.8801540161163,59.2883763641648,56.1799083711456,64.8730843754613,55.4230154856902,60.0360966496236,61.1158295215745,53.8791325484501,63.907790150147,56.4079023296311,58.1164107235009,64.1890153948465,54.1270008537713
41,103.570669370092,100.415030799206,7,'1',72.5586081250582,87.780983019804,82.1391739435671,70.5403294341185,85.6020460515679,85.520698142289,71.1720313669236,81.8404194456097,87.052640058743,72.6324502236569,77.5056031837548,89.8322155228333,75.2635738236214,74.9956896251002,88.4193271953944,78.2721522918274,73.0522291056149,87.7897942765207,81.6743416343644,71.0624264400258,85.9491919803457,84.8969995953489,70.7613388510045,82.434079574806,86.5416574730233,71.1603868836356,79.1520108269325,88.5191833822959,74.2084178476798,75.9027945372671,89.0159546455246,77.9551728539405,72.9876060127979,87.5570032039079,79.9508083326807,71.3873196977842,86.4853169479451,84.5440030810876,71.1358610712514,83.6751621701386,87.1681857297318,72.0719410038013,79.3385055439483,89.0576939619656,74.5655874995594,75.8819224911557,89.3210971364897,76.374054305662,72.6221292405032,88.8944501951016,80.446052155747,71.9364101012721,85.6248491941468,84.5748025919522,70.5960636534336,82.7136891099807,85.7980370494944,70.8572732744204,79.8669192383538,88.6089647697343,73.6555464349165,76.6135955679348,88.9716582057909,77.2660159861576,73.8065470181433,88.4463137163201,79.3708301983925,72.1436480477248,88.1607834002804,82.9854917373686,70.3766020511173,84.2811058352761,85.7403016077738,70.6657041126598,80.085763237681,87.7037445954995,73.5911921915765,77.1474080276176,88.9328278457027,75.5040785933422,73.9573964437733,89.2277874053906,79.1207315639016,71.5505918848011,87.2184606792161,83.127657008982,71.5093709310086,84.3879566627353,86.4371034168447,72.0145856527509,80.9380181328589,87.0475512689761,73.0384778913772,77.8957022282173,89.0728584871315,75.5071087712284,75.1624609790099,88.7151440985548,77.8291693571463,72.1023940693212
42,101.013821945608,94.5804966002579,6,'0',32.8935465731014,36.1862942837733,35.8078780182052,33.1452773624281,31.9554202317632,34.380333811394,35.8495160680719,35.0718063741816,33.135899779561,31.5749055607488,34.0254669231301,35.7199418009226,34.9840350121718,31.9216051566436,32.7613194559606,35.6241914094818,36.0752129695511,33.9268642358809,32.7529481748325,34.0556104472042,35.1898836037313,34.802015896421,32.8957694935185,31.7166366227005,34.3841557026317,35.4799022424862,35.1451593545149,32.2532501118803,31.7319212805295,34.0687493595252,36.2628302950459,33.94350522609,32.1897923219131,33.8234792227006,35.2718901563101,34.9554916646126,33.7905772627047,31.7440441478088,34.3470001056686,36.2327398976438,35.4360450779429,33.2531985472737,31.5810877385893,35.1441025093131,36.2343522532987,33.9478840296905,32.1296727195306,34.0953688471821,35.8314005694425,36.0291086777161,33.8190474501744,31.5919509109991,33.074234616453,35.1980669776374,35.2218264811223,33.0068693143912,32.1235483721101,33.7986231543788,36.0072553818625,34.561553557464,32.6167129565947,32.4454701092994,35.181906846211,35.5548170107966,35.0585568012063,31.6083639359916,33.6418074275663,35.3005317124889,35.7613276837743,33.3176907749582,31.8184088667125,33.786024120695,36.5399943301087,35.1394501701109,32.9788739932355,31.8841666010397,34.4085028456536,35.5357862876248,34.2246853829758,32.3107777933555,32.696320605974,34.6263121874616,35.5478035986324,34.1284995420474,32.585612021737,33.4499363171276,34.9483076597035,35.7634841217135,32.2897194444873,31.7490728901355,34.5694062675808,36.5101578813209,34.373422200756,31.8661497331452,32.5793078078803,34.999250558756,35.9176003993462,34.8515299894912,31.3823127497189,32.4917164856784
43,101.68035998671,102.697487193934,6,'2',33.148752805772,35.5480267043728,35.3771882940635,32.5615434108785,31.9172502415881,34.0121848387463,36.9458926884853,35.2516694816769,32.3324834627629,32.0720196623779,34.7237016976063,36.142485537375,34.4360765573978,33.0232830042947,33.247713156338,35.0447336571845,36.2985442679212,33.8814136997709,31.3284886789878,33.2130801367679,35.8850950843262,35.5574427647504,33.2661521526823,31.9583027044542,33.8526226187323,35.8481612406566,35.6459517614338,32.6151788814759,32.8933214156781,35.205584306212,35.9063566564645,34.5019306355932,32.356229780431,33.4403739935912,35.1584047822447,35.3255761813446,34.2271766842981,32.3195843719218,33.2752894106362,35.7406098932613,35.3037350782545,32.442886931354,31.3778045326005,33.3585015983511,36.2017916562363,34.6584952617391,32.59105118791,33.4312617382857,34.981898680782,35.6711233894186,33.7906697402379,31.6260269872225,33.4872078053546,35.4316053331662,35.8750700269469,32.5312147707691,32.249856564422,34.2538627635891,35.2985713572911,35.5704898988475,32.3789421559021,32.5805227985507,35.3520291653787,35.7269475336393,34.8465179533909,32.6337457746797,33.0678466240291,34.9760538985826,34.9714380927343,34.0998317560215,32.7641376618949,33.6222256812105,35.5890013440943,35.6652035966876,32.7232291054854,33.0310856308094,34.3220819844731,35.9168278505964,34.0562994069036,31.7594454737427,33.4588878427182,35.499396301057,35.4330042668941,33.965823980766,32.0006470293281,32.8257174878027,35.286821312098,35.186172911167,33.5216015714316,31.4697192797084,34.6704059909409,36.950828124414,34.9467681313999,33.0230779210155,31.3426546592715,33.9558736066816,35.6555150701211,33.1977170678117,31.0757059095185,32.2347509007836
44,101.820966321218,97.3135959700296,5,'3',33.2702402672961,35.6507098058556,35.5876206423366,33.0140652966013,31.5032912856295,33.4461143266054,36.2294886863036,34.8745934843413,32.4189048242531,32.2683433067565,33.8322607645512,36.481176792651,35.1927656677731,31.7536088640891,32.5604633490781,35.0185509250339,36.3129909781556,33.7505913063931,31.7845407920184,33.8427220399388,36.1230653248199,35.7616094104498,33.5918537168705,31.8026620230299,33.9220759862665,35.1088713626834,34.6973199707031,32.0287676536963,32.461515097093,34.4778496556107,37.019084821104,34.1667696041971,31.0299119059028,33.5631729788316,35.0051928511322,36.6335844747201,33.9842507250015,32.4472156365025,32.9499644155929,36.4788258594491,35.6523896058997,33.3301917617516,33.1964502491087,34.678895005989,36.0010717592535,34.3768861549876,33.1302993788399,32.4052150764509,34.879819637109,35.1144971287919,33.0051500122625,32.0194692701581,33.271601059434,35.9295741073623,35.7684561183081,33.9864236208437,31.4603514832691,34.2369556781292,36.7783947547732,34.2193200944112,32.570758454501,31.6855703776474,34.7852848661043,35.7283157992773,33.8006761917411,31.208549669205,32.0397051129717,34.7551514770946,35.5331731015849,33.4113387703534,32.3981309516919,33.4529199108797,36.1390458390262,34.8188348876139,32.8103174415943,32.5756162476726,34.6255634847263,35.642616502806,34.5206852961414,31.8402849597873,32.4898776441692,35.5688328578792,36.2432394878746,34.7584486955661,32.2307735811084,34.1630515414177,35.0312753073228,35.4585492259163,33.4038422396359,32.5549447921112,33.0364114803472,36.1694995546373,34.0269359075332,32.1207279575145,31.3365690523493,34.5666902468672,35.6217877325818,34.0468080416,31.9914335283765,33.3360262351957
45,106.791528447328,105.26408097665,7,'3',33.1950653514742,35.9188986211757,35.1068625593513,33.6069354805607,32.0906094078126,33.3686363202433,35.9568391603563,35.0962014269058,32.7094151704975,31.4168228398462,34.2172903653136,35.3726802462795,34.358446076489,32.3150092988503,33.0254463425333,34.4663262556597,35.2727739924275,33.4739082626939,31.8930838088704,33.7296285983779,35.0381931998505,35.8193358625795,33.1907227899869,32.076012662009,33.6670489889627,35.3874529345107,33.9275275986063,32.3140615465098,33.1852182185186,34.9349575793319,36.2309779968267,33.9081722739317,32.4745359357726,33.4120123838318,35.4363195251133,35.4743857321556,33.8722189727355,31.3323054653769,32.8542521900872,36.388348525139,34.2373097644949,32.7289024647785,31.9470736889772,35.278021521224,35.4443540556098,34.3083290524076,31.1240941982225,32.9675096774194,36.0266271993445,35.6980692615165,33.5419472864759,31.7854632033684,33.4795173918039,35.3626829469323,35.4365243401782,32.6133412802294,32.2000626400137,34.443896550055,35.7812105666593,34.9999046514395,33.4860490562563,31.4749404376465,35.2953033412025,35.5624412292034,34.6768126084238,32.5868953734138,32.9284395044816,35.191957712666,36.5071141723868,33.7615562832761,31.7147680095469,33.4541622469377,36.4458989361288,34.621553368525,33.1577490312731,32.6362782349995,34.4944204552056,34.9597886290362,34.636466739983,31.4317057884646,33.3329821790573,34.8841086406425,36.96920823662,33.8158498765621,31.9254706143092,33.6569954689143,35.6103041609403,35.6414474930045,33.1726322509673,31.4764824295064,34.5064282890982,36.2654184265386,33.9282273877291,34.0198434351267,32.7940732201988,34.3022267771802,35.4107145305651,34.7105899122207,32.6127932106851,33.0464919301631
46,97.3801253903881,96.0602879037725,5,'2',71.9226090905104,87.438397988067,82.3775014894424,70.706239049362,84.299154512256,84.990272930226,70.20476607165,81.8738940302027,87.4508091379379,72.4594864060015,78.7716683862032,88.5124968557609,75.6562973014958,74.6005548326991,88.9438499514421,78.1828723543313,73.3194395146372,88.3577199073252,81.7475240141047,71.7384095260927,85.9525004658957,84.8511806789805,71.2781692180059,82.1573502538158,86.6207687267865,71.4358415939286,78.855727932892,88.4543454209781,75.8239432854864,76.1194365462816,88.9203266350235,77.7664439130486,72.5032943151142,87.6627891531301,81.2123048664002,72.0978649042595,85.4639955986277,84.212944066309,71.1111696966367,83.0455256385839,86.5396362010973,71.5276212065435,79.4990617545293,88.5424676202336,73.9968542346025,75.5825949357157,89.1035501340676,76.5347084493963,72.8470459004436,88.0995019972333,80.6689388188864,72.3512642636419,86.5741552680438,83.4161153643037,71.3101536032137,82.6544683126339,86.1349920285952,70.7981142051097,80.4821857837414,88.6578183249773,73.4374919527335,77.5621691917148,88.5325882659671,76.3888140968906,73.5114643728715,87.8836424652035,79.6267221085847,72.1095484204456,87.6104303644546,83.4078594799798,71.3205733011414,82.7607744499788,86.5330294807901,71.4728958543974,80.8232678534685,88.3827048028214,72.7716465416927,76.8578779406934,88.921873974532,75.1968502483639,73.7295005045537,88.6681089959336,79.6248554858691,72.2483393119881,87.1346819378032,82.8478637764016,71.5986189419291,84.439274763788,86.26039208078,71.051924946261,81.8450831254733,87.519524514949,72.7960042787751,77.3184211320378,89.2152280669904,75.4776364102731,74.5153799733187,88.587920539625,79.6079975971893,71.8000888971823
47,92.9294657731309,98.8712377596309,5,'0',72.7665519904419,87.4706115051143,82.2670894897878,72.8163093943427,84.4504100564045,84.4723469424296,71.4873935815039,81.8234031827964,87.5110077062176,72.3664999692205,77.9073297754779,88.958018928359,75.0756936951039,74.7652870492178,89.4078572736643,77.8068125645132,72.5069899333405,87.6307105239652,81.3544120494953,71.3375508373504,85.6656375999937,84.6989639272121,70.6099104141387,81.6613470515752,86.6881121417165,71.8178410181281,79.889347475542,89.6050635685994,74.6031793101989,75.5934393331421,89.8302744134924,77.4315201939454,73.1865596834194,87.537691910316,81.2101166998509,71.1782757147166,86.0299211367631,83.342170367894,70.8041750743235,82.7832644222609,86.1127006227191,71.5264151323122,79.108114549445,89.5038844011888,74.136937311165,77.546788343694,89.1081122108273,77.1224511365123,73.7721993740764,88.0564036383198,80.0800833330624,71.6449117748879,85.7664317135711,84.6855108446917,71.7108838274733,83.5621134059007,86.4815173278792,73.0112918576647,79.6267579136322,88.2488529571374,73.6070543744132,77.1306123941019,90.0657266785129,76.0462138407671,73.6953817539482,88.482602017616,78.9144998730268,71.637366055976,86.2697778216275,83.2489168230786,70.9647620467182,85.1766793840443,86.4379629243464,71.0523876250294,81.5419251526407,87.5154441541343,73.7033269592547,76.9592203052593,88.7982606118003,75.2269277614195,73.6264176094309,88.2883176488044,78.463852235118,72.1941325255899,86.5388309126933,81.8529424325645,70.2496702130592,84.2375339594463,86.7087871391165,70.2091325810621,81.4925330229779,87.2306876488962,73.0519697306822,77.990757883206,88.0946700576461,75.0339214998668,74.8914339082109,88.6588154776898,78.3903211547933,72.4796874643863
48,95.2199024672143,101.635428227929,7,'2',71.9322876364092,88.1881654026332,82.7729541025937,71.5023708401162,85.9080537643279,85.5983779221902,71.1251332237373,82.4932211653388,86.6080083032226,71.8781741766846,79.3292786701539,89.200373093665,74.8587279298782,74.8533793591824,89.539919472673,78.6393883563016,72.118394308696,88.1481784782614,81.6497162950302,71.092276517364,86.2529274099049,84.7315823882704,70.6158259079758,82.7554550009213,86.7852359948142,72.0129689525376,78.7130191657553,89.9288846501492,74.6412245617442,75.6277725766801,89.1961663113087,77.3809920402951,73.3796230912029,87.8919120905239,81.2223720903096,71.2911359902461,86.4816266762118,82.9665503477539,72.2768735571734,82.6013949627351,86.934709033352,72.441091975485,79.6876949431619,87.7951689264543,74.4710543062218,75.1792889768269,88.5107399492041,76.8459225097358,73.2742112831052,88.3280580449287,80.0183397283555,71.7019654582714,85.4300171170938,83.9372783768198,71.356223531654,82.9496072880056,86.5926539163901,71.4885651984535,79.9549226057348,88.7975648521394,73.3320041606728,76.1232824683364,88.9509840503017,76.9018284541919,74.4299402504564,89.0080093883979,79.3432436554473,71.1839873706008,86.897313848016,82.045469839667,71.8321985243759,84.2454261019346,86.0074684529151,71.1458104044254,80.3767240345265,88.4268180924867,73.5929581178995,76.7251572844685,89.369211795801,75.6625267999532,74.3740778053666,87.8341944454879,79.4509504029784,71.4899409864003,85.9163601866899,80.7001327732392,71.0949341718191,85.2464258651273,85.9919909083644,71.2020153927768,81.5455320697381,87.9491835709811,72.81230661733,76.5356699957448,89.5477378498928,75.177931053026,75.0445741833878,88.693880386388,78.4878144691087,72.2996840547697
49,98.6346778522141,106.787293089444,5,'3',53.3844672966751,62.248082508399,59.3713954694197,55.4387135795138,63.675147910952,55.0700176591623,60.0612177900327,61.7863562237261,55.2155612071552,62.7672125449845,56.9511114345149,57.0374372503591,63.1085456623863,54.3394341881851,62.135412115057,59.2430111073924,55.4618194079364,64.5478968310336,55.5200043666456,59.1441604685805,61.7938421556629,54.0599487126817,63.7835591260147,58.5177025337862,57.0677960441451,63.2967306004737,54.7676126042137,62.6096732443492,59.7906645595452,55.0645077544772,63.6029425209168,55.4492039379797,58.553428320398,62.5106374410401,53.7728458801399,63.6999127216844,58.3362088511783,57.7587366995063,63.3310912070681,54.6105082269738,61.086145874636,59.788458773758,55.0181374943402,63.7355250304229,55.9019853232273,58.33753561572,62.5903416442464,54.254667447931,63.4390672051779,57.9973608500772,56.7471830039956,63.1026355232185,54.4003903006036,60.6270573256038,60.6926104972775,54.9378572117611,63.9326546771669,55.6249701482053,58.7095583519547,62.7973742966365,54.3991108261794,62.0384154222129,58.1628331444895,56.3088314974987,64.3643457643791,55.1386758096316,60.9113720943391,61.5398407237313,54.8149583076418,63.8354141181324,55.8326666135116,58.2108705669555,63.7263640610984,53.4210895601662,63.0254001699524,58.9121035523973,55.0382123716519,64.0076043066005,54.3814197950635,60.205686982769,60.4873820461085,54.4533296262954,64.0173044435937,56.8725547497885,56.9130782128494,62.5373590578707,53.8779419835885,62.1049490523341,58.8027077268719,56.9622823067583,64.5214789817485,54.1119827097086,60.1394213940891,62.7828190897631,54.380959400006,63.6639520852413,56.453652450225,57.0140239760085,63.9013374985298,53.7595055130309
