,0,1,2,3,4,5,6,7,8,9,10,11,12,13,14,15,16,17,18,19,20,21,22,23,24,25,26,27,28,29,30,31,32,33,34,35,36,37,38,39,40,41,42,43,44,45,46,47,48,49,50,51,52,53,54,55,56,57,58,59,60,61,62,63,64,65,66,67,68,69,70,71,72,73,74,75,76,77,78,79,80,81,82,83,84,85,86,87,88,89,90,91,92,93,94,95,96,97,98,99
0,53.779888400777395,61.72615099763076,59.69775685422998,55.34034754751627,64.2349535287951,55.91431705668877,60.29997324728879,61.56426807750709,53.200829825875836,63.37140421676104,56.90452615795357,56.96502114359954,63.63183662618019,53.47986209570982,62.400776107684614,59.41113338902294,54.78985755337813,63.9329267434075,55.5335667374639,59.132807720795945,62.54980834574137,53.845825815964055,63.4423882892628,57.7885715571727,57.39470629244968,63.720023862883366,54.26258119553182,61.39307342103668,59.81603583258129,55.08713987395848,64.45392799056181,56.03695036560483,59.09693202300331,62.60519524207767,53.22841162587679,62.806035541461526,57.252622160134585,57.664074050263444,63.49506590443415,54.38882259421942,61.4855309119935,60.06402366547838,55.09095835674283,64.27285391057804,56.17743047750339,58.743801260762616,63.108140966852666,53.986543739606006,63.77035583185224,57.598455625524934,56.71819004256455,63.81663634409361,53.940000924554354,60.78323420630623,61.48378762024921,55.00889824641022,64.6055107312557,56.075282012535105,58.56766565355847,63.38960617562317,54.28348259580739,62.64277982223337,58.67059989845913,55.99840757294345,64.31819069730531,54.39085846148765,60.2194965989913,60.97229777210854,55.07325051578401,62.79236385484204,56.29544365965598,58.38343686569067,62.25075620050141,54.435687476448535,63.63361228089223,59.238593362566384,55.74750124989356,64.77541626030464,55.043903238802,60.77130405925864,61.70672024010989,54.844394265533275,63.44204768651118,56.61913295874635,58.256504074214234,63.76959943990029,53.7925278102891,62.48673544351465,58.39867980201663,56.35785413601251,63.919373130561716,54.84912635008076,60.25157753356108,61.14481572219759,53.12482198306587,63.78943724228937,56.11058329490868,56.72260488956387,62.734725429848204,54.80917228532129
1,32.872614355974136,35.59080421101857,36.63148365435342,33.498322428806354,32.13834303582341,33.384878941003876,35.5012077671834,35.03380491845436,32.606748405701474,33.45145442989688,35.10114461487031,36.05630889264457,34.393661995164614,32.30786946617394,32.47524375068312,35.32954280798378,35.697396740379546,34.09212225223017,32.432734305481844,33.012048405139105,35.92347763130321,35.53224685405329,33.00865537508398,32.15021276121733,33.23866190909832,34.90063620670264,33.85578259087198,32.6389306367644,32.51907324582551,35.03990248616587,35.87420400542797,33.52216923493303,32.15566291516242,33.074700265633254,35.04575999562159,35.352222498699994,33.14098416513446,31.988746419889633,33.95772458918742,35.61892003998062,35.1648658408434,32.34267187195453,32.05869692829589,34.31774361298883,35.405036421203754,34.44685051671586,31.84369077951391,32.17341412061563,34.83338781290866,35.779132962408355,34.366315773425896,32.17544180205262,33.2772542788796,35.628040638321984,35.6168605705748,33.155635661547656,31.99546966830108,34.468671367399494,35.74940954599318,34.65410223251849,32.04898400546639,32.18900983866789,34.630469890683855,35.68270099478288,34.034569941827705,32.140164493308006,32.898651515257676,35.37286121226625,35.53297138193005,33.791747888876934,31.255453862156163,32.9944526089311,35.61789253343176,34.77268012067842,31.982094573892514,32.07160439831981,34.57293581000004,35.760387748682874,34.675977650897735,33.29808170982947,33.633042060859076,34.52653882637279,35.50656935266266,33.96671601182907,31.412536620734052,33.85101715072176,36.01166277583426,34.886892170293585,32.51872129204735,32.81440803122745,34.635424550632,36.09802152049005,35.053166509629726,33.00726926010637,32.94706728557533,35.145087786278204,35.95220545023567,33.55304954450194,32.62048409660156,32.82128958662958
2,72.02774489513806,86.73132305272323,82.2642020861487,70.30097555259012,85.36102512858997,85.35874191132149,71.12387837018207,81.80961781323042,86.37139333040956,72.39312145273989,78.02463357793383,88.11030691582542,74.49840934520954,75.6570036058337,88.62703444954293,78.14249082784814,71.97755430208841,87.84633814852353,81.68162979400944,71.39594012675357,84.65137842002666,85.0467465474959,71.39093364149053,81.57412411032838,86.48879520084215,72.2243768176356,78.85427901578976,88.56439951897639,74.50961701570515,74.97260663462588,88.81583460787225,77.57091410943043,74.20460130542891,88.14570307593827,80.15196705969231,70.65020126074157,85.31485995727174,82.69644343058336,71.27977651157556,81.52896775291399,86.41128083931699,72.13430072446121,79.18838516468618,89.07716645742133,74.17200219855343,76.39750638770764,89.30664690212782,76.5557583713322,73.20824833644255,87.74066586854867,79.31932435642098,71.58016690536607,85.74586135739413,84.01805284744592,71.02004163438149,83.0988809038991,85.88061803328794,71.44787361188763,80.0156720344701,88.26500297034782,73.84511017478646,76.65404305283622,89.88506041407565,76.46173299051928,73.93149882247654,87.73771900906773,79.92870632850907,71.98704638453525,86.17487128024257,83.33951807440648,70.81107791810858,83.77216156034743,86.47117076052751,71.20823043768408,80.08887981763428,88.37996165509732,73.51971875079045,77.78374158764268,88.3856422523947,76.02866858486195,74.4950135079506,88.67228517674405,78.88982894487681,71.07717100407683,87.57653357858015,81.25840847167346,71.22033976649803,84.79335340350526,85.78106954904837,72.16222594802937,80.82670938765384,87.77045800655502,71.6785290284619,78.00081614857123,90.13226873063964,75.33285645544716,74.794313791498,88.4615801402524,77.84461860835704,72.27309281699372
3,33.91143395442155,34.803815510679875,35.32024148903843,33.23026808351343,31.71076704854033,33.867012144811746,35.90421112317492,34.46154262360716,31.946521630066535,33.11930691307882,34.563058685122115,36.610531418184586,33.72906867058886,33.20475547967056,32.74315302770939,34.796767959499725,37.42181933085309,33.02409091250978,31.22026523939401,32.80902835821293,35.2589344521697,35.05547620756832,33.72566152013338,32.02682260300248,33.65924714691324,36.16944475605577,35.52775793936731,32.6785332939383,31.94611866267917,34.30056711978382,36.64240377490941,33.647114939473525,32.396591981139856,32.86111529047432,35.616002235664226,34.72730193766958,33.67025830770674,32.8055159779002,32.95044163785154,36.07994360915858,35.899754159848364,31.8617408539572,32.040581365353205,34.78318115855843,35.424000428678674,33.363709764217305,31.651679206714327,32.52771293664492,36.378564990262035,35.53605737239701,33.51907627043946,31.746572469512063,32.87924409307254,35.961255023274724,33.921120994344356,33.198561928804125,32.837183565805155,33.70086636317907,35.601030944403966,35.135566357140796,33.109131465848,32.45951533243041,34.80709199713505,36.61475725934142,33.974969475259215,32.006978383034614,33.61364546463092,35.47082034620827,36.071630270182254,32.97179564474428,32.48617938764203,33.00090883861768,35.79710424034668,35.28299992543044,32.82717857368436,32.228875418319504,34.82876409763665,34.90964436716549,34.43076388325003,32.837327007500946,33.07060685424591,34.232857119584075,36.53393622829932,33.2603074217863,32.29989232098039,33.845895839860546,35.727787191166456,35.07116586941659,32.50578053984366,32.369343896604924,33.718237582220056,36.11330613877017,35.25465017361209,32.162846311848185,32.75014076965116,34.244471829985635,35.63122447302764,34.562633813468835,31.5680661919689,32.28406316211309
4,53.906386802817806,61.411806495192295,59.34220752182206,55.520760418655264,64.73179663210249,54.4654773589256,60.50819631955945,60.833032668084144,53.947715686036894,63.54251920026071,57.861167114249064,57.9079506132376,62.89812588478438,54.36519432869686,62.36943847708689,59.2261265439197,56.0208036465559,63.602344939639565,55.772946950815246,59.28712879806814,61.81507608467196,54.125843605140304,62.76096753691151,57.81981920692801,56.7950383469912,63.19614103710899,54.608352777349275,62.07122050256627,59.438903180056485,54.538745707155215,63.303672998226084,54.847186844652775,58.42415276165247,61.30682401518694,54.90098866641082,63.92365258675301,57.96159824765026,57.017445163079906,63.218011988746085,53.74735784421355,60.88027040874584,60.63434347888977,55.101413144677366,63.825904631586546,55.66003005066919,58.708543603531695,62.130307650079295,54.02943653002708,62.72311844981539,58.42657380750427,56.55923093095421,63.066390662411806,54.38160781013993,61.09733826711956,61.23099457284147,54.782936419937435,64.37878343060136,56.98470308693451,58.344460785331925,62.35471815611886,53.90260871651589,62.615547738162356,58.11829572275799,56.66806699075945,63.879649191267404,55.53590594673942,60.355533717962615,61.43620315845397,55.011703134941136,63.7329567048281,56.59432652672734,57.54875391261184,62.42686747964505,54.34560244374029,63.508417684610265,59.40018437227637,55.874296063820886,64.12652210177248,55.030141427575785,60.77607422773717,60.09018591409006,54.59353440333759,63.51449256274156,56.74814476876215,58.00450673782367,63.799212699847935,54.32814508406547,62.357503206656595,58.26220912573825,56.61326997997034,64.19574779073072,54.11037055345722,60.44961639563281,61.89982376334543,54.097376838667344,63.95353671014724,56.92153028470586,57.31554006164613,63.005823941583316,54.26114798168056
5,71.31386112167637,87.02063980704969,81.99829215163246,71.938094498632,84.50729449665877,84.15445749767945,71.1247846130017,81.02395661752531,86.82178607613173,72.22716193170754,77.71396885545921,89.27696312560917,74.75876459496325,75.14239865780948,89.82617675284288,78.75101939392215,73.57168493761476,88.63479691025024,81.62922275791202,71.46740611088802,85.00947286343512,84.74897193247135,71.50637024856023,82.08857682568285,87.40037961534996,72.32711870988948,79.34696259498118,88.72658274649993,73.39486904412783,75.05217917163836,88.0885941076856,76.90256349379666,73.60865481349714,88.1842500096118,80.85913942783013,71.27496543336625,85.90971019056245,83.68693385234212,71.4361117286872,82.31704269795003,86.78051262127262,72.08906927735555,80.17820143363886,89.04619024368827,73.9247886097587,76.41233700411289,88.7148881497722,77.24860410800808,73.23591437655777,88.02529344881466,79.71337793194336,72.57181099337483,86.26763493013759,83.97307769171181,71.33458079648578,83.03761108551177,85.68140415518758,71.32189227681297,80.41747190764532,89.00114112020377,73.56825919844556,76.21466057593514,89.82359578751351,76.44822061300853,73.6801520645559,88.10475490864262,78.9562037945312,71.18458197738134,85.77426678238653,82.83829254991817,71.09911536776669,84.10418690248382,85.863315869817,72.18485509948927,80.33403992484048,87.802822713381,73.27647462186958,77.87425967382394,88.38636351297187,76.32622980837594,73.99668456988006,89.29567050379706,79.70938564204484,70.90093665303112,88.03335979420986,82.8811645265086,71.2219745707586,84.2962502108952,85.52539784489433,71.98122893055135,80.76735605930486,88.6109855088753,72.68822860392265,77.45805661248782,88.89445121621253,74.79090736883673,75.01762152707029,88.17026542435369,78.36948961475147,71.78815858073062
6,54.259680319751496,61.42243472593158,59.39421600008794,55.614707540746295,63.65692600987422,56.11254454000959,61.2495202922419,62.050286106296944,54.64448143229948,62.413376559318266,57.863187462711196,57.42963286287373,64.17701194809713,53.83211594145658,61.63659316382846,59.02616151556417,54.1864775425965,63.15566691428362,55.81418269144774,60.24451191025432,62.12774349756935,54.39957325343487,64.02507829094213,57.48067856063594,56.564525877681724,63.793276107788536,53.62843408361971,61.95285768475123,59.59097215549559,54.67470941257835,64.78218879253525,55.43204837970367,59.115205447619324,62.88327794353004,54.41483414799102,63.1002742625811,57.215129187357796,56.62892572143673,63.89307563483034,54.214097083989735,61.43480472049112,60.88489749275512,54.84594712808987,63.73265134691599,55.401327603286155,57.962861418641715,62.07540060664435,54.061758911077796,62.88333612376325,58.356153838708934,56.388099610669734,62.57295265410831,55.384524613430365,60.91515304111997,61.07404778793338,54.81696541712825,63.8422431268662,57.04369766168008,58.90200270166654,63.09237865900319,53.4990278805971,62.530460908313344,58.71279962964715,55.481834413744465,62.218200612871314,55.174605735911626,60.57047794332339,59.89875479819711,55.22559815475447,63.09927525304879,56.12105306285705,58.75906364594213,62.13614383079767,54.06115492762572,62.587593169614784,58.704291214452795,56.67719136391705,63.33682692865194,55.03496091198002,60.771475116115184,61.71063233377423,53.64609634381505,64.59441818281185,56.75062302058511,57.80207833796514,63.12105278411459,53.711952132539196,61.58839152288217,58.453764900340424,55.5607988953523,62.975944262947195,55.2320373453225,60.1154164501199,61.485883234613816,54.44444006021462,63.21288187158186,57.28095613133237,57.38722263406359,62.543852382658166,54.51424576487286
7,54.188768848397594,62.42781166840874,59.76178390673699,55.824911213706336,64.42396429498342,55.409270868491504,59.97673597081915,62.60094417669145,53.91667929760313,63.3746710253622,57.1496775062169,57.84240230246252,64.22346213250673,53.53478103930225,62.458565462305124,59.81350166923921,55.458445425324044,64.17654964781352,54.486444329489764,59.96177146791642,61.93910541266299,54.25306700762086,63.63280621499786,57.654868857226056,58.2604680748267,63.49177504028936,54.798067164431835,61.516681799671545,59.513747843493576,54.20532471239605,64.02419870946053,55.497910553090385,58.62893671220179,62.42537335226015,53.88292332649765,63.224119879773006,58.574670112623174,56.38189515268001,63.90921374485395,53.703539541595106,61.700914339358974,60.66862737308714,54.828107323290105,64.45736974086697,56.70253447002321,58.92206395345508,62.20942581497937,54.732355436225546,63.81279266214579,58.25343964419908,56.47186423534757,63.03286977395675,55.03259303477083,61.57952264319998,60.06774606395443,54.023392397279224,63.71342713740637,55.7253454205099,58.42093065847108,63.747114486838534,54.58221702463238,63.19882031642597,57.99222632764251,56.251947553208666,64.37494137109988,54.42810101824484,60.59079984579278,60.2989201475857,54.43343739558383,63.350210815984106,56.14589025959892,58.39456668298002,62.28079261263489,54.01878384218843,62.09381471371947,58.74607376129698,55.76794553853111,64.69424787276478,53.92780965085489,60.94817486008823,61.42213705253991,54.406166896757604,63.97648513229632,56.71603757688928,56.97807133789295,63.97156639056163,54.45583910420377,63.58454095965048,58.68424729401284,55.843564246961435,63.85193524920522,54.91765872514192,58.78876065373151,61.856231720407244,53.861943447468384,63.69520186813228,56.94653273035067,58.08466184711955,63.560933619760185,53.815707855664606
8,71.88985780110862,86.40446864321356,82.23151731841371,70.73513949065688,84.1308510307961,85.62565622578114,70.92881966782603,81.8934916083046,87.26691296363646,72.90456702911264,79.13959815715285,89.28595315319573,75.13571097950229,75.44968084565456,88.54494237663343,78.42369048478737,72.55011023014295,87.18251562976396,80.42010066739888,71.06522844318097,85.24128180434384,85.58750527023712,71.30127239393204,83.596649066093,87.76319114758215,71.93679982819381,79.4001088212599,88.45090505311818,74.79621860365894,75.50398916003573,89.19912086830068,78.17045793212051,73.52487539867928,87.73381510899246,81.0748699236004,71.59510145536886,85.87340960551295,84.36355511213549,70.37230706334515,83.0775780655261,87.19784398243968,72.909917523537,78.6428648481941,89.21076796315566,74.6117756161209,76.40615432637435,89.21383259528328,76.8176800439662,73.45465227907451,88.63268344462618,79.86849091381632,71.55827859291406,85.09298908077906,83.72856349502463,71.2985783364413,83.21166711039187,85.81503210064587,72.16718420601697,81.077103162541,87.99156114594788,73.87030673911876,77.67390981540609,89.86655888112082,76.02832740644949,74.13473016306915,88.43404391626626,79.2596231247052,71.77583867906867,87.04934675312676,82.46980968677939,71.01105652027925,84.59202858313189,86.58413251480512,72.370347324309,81.0711868386412,87.92482631494376,73.07498344632904,76.37225792556863,87.82710126577594,75.71800622744998,74.99194625212436,88.57739672448986,78.71024520739482,71.77038912961882,86.99759809723939,83.08601559687172,70.65487179276411,84.26358305821633,85.49772517488633,71.10342303138022,80.84107464977366,86.82447052765843,73.24549833956934,77.23686841502564,88.57053305712333,75.17925386654134,74.12829192910367,89.16099386182053,78.85232185658931,71.67069779526003
9,72.30758222678281,86.41675255751416,81.90936204617238,71.46740520218164,84.97789444766782,85.14802447168982,71.15086114098351,80.91273780387795,87.16619181136117,71.29402432316735,77.86728474024571,89.57010231667803,76.32609833032727,74.93361705340781,88.51565916415254,78.31420590844509,72.23775185383657,86.74072664688904,81.2161964604636,70.81916770725813,84.99858494488907,84.37849439054217,71.45661097491958,82.2461212962849,87.65710619539554,72.97598052595706,78.80549718984813,88.4457579586946,73.92411163234661,75.04485167710067,88.81287616740063,77.53350681353832,73.06154755382752,87.69238004442794,81.17723305417556,70.69982057206542,85.75706087377378,84.472183546723,71.1759596814753,83.01799491237718,87.07071519177822,71.87439427604909,78.46831395274786,89.27576337072878,74.2150686618602,75.57484752204536,89.35193842975127,77.4945805636956,74.28321494267367,88.4141019734666,79.90359622271735,72.66043210044167,86.31580342041393,83.57231688444578,70.42902585216652,84.61542721015881,85.4866990640253,72.06335064223276,80.27828999432771,88.26891050538026,73.98552143550515,76.36643335082408,88.43712352297952,76.28991753169534,73.4259105073129,88.54855373234419,80.22055131214499,70.91673045827368,87.59716301958817,83.47772432712961,71.04977157210071,85.06568121771073,86.65681422164037,72.38340797032393,80.17111401231733,88.0985270414575,72.77399520863565,77.6260167496003,89.2494158294016,74.8185510860244,74.11673024837512,87.72014846990858,79.85995028913486,72.24693761610972,86.7449771108415,82.29371188751544,71.60014639288043,83.27886308605741,85.15984970067439,71.97577485150694,80.7106063702697,87.87007868517182,73.41034199241783,78.05583450978406,89.37568824362367,74.80632729441092,74.55320698089145,88.50769597455948,78.76371771455827,71.66469700090055
10,54.15825423586903,62.528449608181795,58.90652894891578,56.10152439790495,63.87831080059608,54.98184363266735,59.34202836108152,61.86180226765621,54.21851768544415,64.0227928769983,57.44710308177427,57.19149610212523,63.4487968051034,54.20163326849329,62.89092176750286,59.827205382174036,55.55813337494395,64.23286187441487,55.54620682118859,59.86986222708802,61.748904893625166,53.38323740526595,63.03150246183494,56.983695928139646,57.74859616814452,62.06184008054568,54.27664869111593,61.968847539877316,59.90247833523313,54.993901619459926,62.994984815687644,55.00439573099584,58.60819456343972,62.612452397711074,53.77992160617286,62.9500148287646,57.66978021115221,57.468331130317694,62.32134856905608,54.19578979467936,61.127132641900054,60.32147800583454,55.54191479141655,63.6033066977806,55.66890432764363,58.80030452038556,62.40300108992152,53.228406431934324,63.19220072945076,58.33976015971663,57.70754963324258,64.27786845676131,54.650108846299645,61.8528488020255,60.78792358633007,53.803134650379086,64.27995969621323,55.97388383673346,59.21297537373705,62.48663924516298,54.083811975860286,62.54791521986467,58.6060781784534,56.404168856160744,64.01072257657934,53.945838676010936,60.50668391225109,60.784940993583554,53.924834755547,63.86664534993093,57.036543608265596,58.37845288506458,62.8342615247866,54.235100448668206,62.76641855740207,58.40012403896847,56.700386324873385,63.635115043395814,53.74623363246221,59.8707412133568,61.24448476909419,55.79792055601487,63.38098302979543,55.63049656296271,57.47187370713115,63.99259934775543,53.59039046483176,62.200302928540225,58.756879426888815,55.43215840893214,64.02692302791328,54.71565285617369,59.480583412278484,61.11188844643024,53.77394137385046,64.53702681263887,57.230680327556726,57.94253990933008,62.49281638940208,53.80135505747638
11,33.6818956435401,35.34039650337791,36.08537243192798,33.12082933802971,31.506431909336545,32.25700632324307,35.34804127154728,34.88413204119434,32.887618976814785,32.20665295977473,34.460909861948295,35.40890149767267,34.38697183230053,32.504952049055795,32.45182265070063,35.98458983323193,35.74715356228054,33.110207090110954,32.219694063119,33.526711845397216,34.7299595050769,35.07106243858772,33.42475398740324,31.565867730234558,34.56292248769982,36.26191030338506,34.585712171473645,32.997682286342396,33.004154295445375,34.40576464650978,36.639681345100044,34.33542570226243,32.208019349058326,32.52548869425592,35.90413305195854,35.83108491528988,33.65045616690363,31.860280813869785,33.30818150718864,35.745363788704914,35.47688345652354,33.000322884911846,32.800779679714786,34.921940827855416,36.46256192023723,34.22393520889767,32.213465177890065,32.31327157765302,34.90414764121349,35.51557952377958,33.5609424552714,31.518802096685377,33.58898841735998,35.173614028505895,34.62631020194204,32.64975532724601,32.8046539066717,34.22266195784402,36.467557246796986,35.27074970577619,32.162897811793364,32.314965777666174,34.567981762337524,36.40093356379782,34.59193117242706,32.34861107334543,33.22863446505061,34.994705952046196,35.50879594444076,33.35111597681075,32.25279693766785,33.333937085191074,35.927155843592644,35.24055984502507,32.555364763127926,32.224724263509295,34.52499724866982,36.367186412098334,34.530060194200324,31.150110194608725,33.03890408223963,34.8508919365376,35.61816095504951,34.08774828450343,31.85967823424642,32.95652892974023,35.711259567427895,35.620442009843124,32.08039543050403,31.46045516648043,33.883820841662924,36.2957347641609,35.37340724200901,32.579419468104994,31.987413887876947,34.36680278992541,35.860797078693935,33.68809091146076,32.57539919047968,32.786304369646054
12,32.86219583516264,35.34900090909114,35.490366779758915,33.136150168525326,32.21202001255568,33.75722628469207,35.66586461784922,35.849631312195164,33.11805805405899,33.11152480471694,33.71515414109524,36.39252244570283,34.47177294576268,33.060767725513855,33.27923059076119,35.234906991361385,35.537606369710886,33.09756805907487,32.45790515294012,32.71326075811938,35.326062906775846,34.76972917557675,32.47796460012014,31.798937537825175,33.4283663547442,35.56750061441836,35.088317245274,31.792923957572633,33.03048757494673,34.36146651560256,35.81216588845403,34.119229087218855,32.23184328444925,33.57846890213968,35.914988420855174,35.78330621614474,32.72688146148968,32.47355117494112,33.27928986018645,35.83642775208417,34.283402537504564,32.07795703130146,32.41516697346067,33.063204110940866,36.360645930318704,34.559021593245006,32.92472192672099,32.55745344789652,34.743687126666956,36.970390823747735,34.42450769558124,31.61002047232461,33.633748722626386,35.79604329569134,36.33160789971243,32.69964450629762,32.01207676606124,33.75139221815033,36.140619457114724,34.88035768583112,33.37974461221404,32.805063816594,35.235124297937816,35.171164450394656,34.05958497207999,30.661838778429168,33.071912160105974,35.55448293702232,36.51425003971863,32.81699297666188,32.86432953214021,34.23061917754318,37.15253755876802,35.11306400368408,32.79354257362502,33.10839961248737,34.32923124829995,35.953117797524875,34.6208015900761,32.267360620323295,32.85191849532735,34.17067955566592,36.434577843109345,33.44213874428333,32.00926221453523,33.88744933647456,35.894523857281044,35.455651238089764,33.03071691114233,31.84437130311038,33.59872075064162,36.15219172922959,35.14360057779546,33.13004554385679,33.17454083135004,35.0088611710498,36.17749667887768,34.01530382867073,31.716364784714287,33.628710558596346
13,53.740931980856374,62.12410124886729,59.81024463485509,54.466197011985116,64.21356421521023,56.00393277467205,59.825981580919084,61.821522612449975,54.13754859102465,64.20038310461075,56.59272707461682,57.43368651237953,63.7473119547276,54.510916621904244,62.277296631802315,59.59722833289346,54.591958765463005,63.576310044884586,55.350742589793114,59.336380748676945,61.72833959354589,53.320335652781566,63.850911475418606,57.07749003429755,57.28218686613487,62.876492900342335,54.502536411596154,61.68742672519983,59.620168637711906,55.511021502114616,64.47840429303007,55.29565205159045,59.9850283148431,62.21538288799057,53.36183685897176,63.756756426058374,57.95424418144997,56.51419753363537,63.21733492890956,54.315286043139785,60.472082777051874,60.508397854891875,56.04278894310254,63.761633374356435,55.086616126927474,59.18647886450412,62.775399578324816,54.84310814655346,62.47598022357711,57.678576707027915,56.19376919380944,63.232390344044084,54.372567320394985,61.2845661118161,60.66658147614376,55.341999241201094,65.5222443448763,55.83381598113492,59.24817041007677,61.79032799449069,54.469164530472085,62.62637143439122,57.964817450316346,55.68192840760319,64.9289636692192,54.34471131219847,61.00413535945424,60.656870351958666,54.663261761824316,64.04773139713575,56.31007752260597,57.900531080881706,62.27799029148118,54.417101299527914,62.93206082201128,57.615349841852385,55.64121638400027,64.76672657698228,54.70954263161808,60.26484070719973,60.82185795747188,54.88659782867825,64.41995011520169,56.57796359324707,57.687294018915196,63.66585298570108,53.800341409965405,62.60843899192988,58.83089453847959,54.86110714506439,63.12227486345704,55.43893995830253,60.411660265708704,61.27113886342024,53.90583154489664,63.08479169638207,57.12547670003383,57.155375451257235,63.03433779931934,54.049937105684855
14,32.95133897400564,35.37812623234972,35.95411148272417,33.690040883815506,31.858580994172552,33.228268808615354,35.090009156311126,35.137236181684486,31.50228507278625,31.924764368346224,34.73294752828981,35.8370350253129,34.83602826693294,31.983650932894008,33.0884436955972,35.44395281543144,36.20636132993528,34.22523740599065,32.16946375897908,33.352964778503384,35.28851606663508,35.5279104238555,32.98279382136077,31.328308495736707,33.965322668997,36.1158381113051,34.291758496007,32.66039224692546,32.87330203560371,34.90846563752186,35.66157209602161,35.110192092762624,32.286403691093774,32.83527709217811,35.273102394855165,34.97948112632919,33.53354655403852,32.29034321878033,33.22933706486633,36.114073447100786,35.18984721677703,32.94545214813939,32.07633451475115,34.04012991972652,35.92765618334598,33.87120230281795,32.67943831527393,32.01694526336286,35.53663612570831,35.77232043365601,33.85440447756935,31.41996689596152,33.04879092877047,35.229379646134085,36.014011581785155,33.167456649779936,31.393551878404725,34.572495949228305,36.342536145097284,36.057496003622916,33.19163158530312,32.736939047016875,35.41242437657934,35.21898940151466,34.621868673290095,31.729925706249876,32.79958546444301,34.90072187162797,35.0130481037782,32.56001673317207,31.971447828939663,33.703302088125724,35.04303343336495,34.03833489136747,32.85462165497536,32.29636497450643,34.76925183700267,36.468075539675574,34.39731096746972,32.30087290690722,32.37443910377681,34.69346482271586,36.03383039776057,33.95564569905635,32.74480424944056,33.88530466982028,34.738873734747536,35.92306520530803,32.83346056832042,31.600952802901645,33.75129034135617,36.07722224014334,34.22202685840888,33.35678795395158,31.979871634209832,34.41764130483153,35.85301198366363,34.2140843654369,32.59503866763357,31.965960393534676
15,53.60420036464652,61.30938516278461,58.819871637011026,55.47663631470127,63.634042086150494,55.24094653231841,59.200176533798576,61.7333167543786,54.72754817068088,63.008030367524384,57.936132208640025,57.360162195650986,63.764222903425534,54.3433180922679,60.83755493586075,58.58290709534116,55.66158960222048,62.821339680799646,55.77803205859384,58.62885703892597,62.16024976220178,54.28953295376023,62.771874450692074,58.603208655838614,56.06444525103242,62.83881709387074,54.59759597975561,61.09488107907695,59.54312696482643,55.31590785115028,63.845033299313066,55.27392120216209,60.29631803875061,61.94904678253919,53.50454159739674,62.685792878196324,57.85320173731463,56.873122741819365,63.813310588880086,54.19236237939342,61.67871701589484,60.215448854267144,54.95954462667857,63.90277637288709,56.3400163637612,59.24444728781993,61.77346539737237,54.517547099444236,62.86488314981261,58.44150463830347,57.05874793059603,64.02529952938055,54.05188920076942,60.39419304096035,59.96461876285956,54.88717880371391,64.36379412736845,55.28912448256425,59.43029967724393,62.49307451237009,53.648976659626804,63.38937595557988,58.22068952603554,55.995000313474165,63.21533377239634,54.27341770365528,60.42748068936273,60.7691200686753,54.43966491962941,63.42550479800231,56.50006302977775,58.10129500617499,63.68983884360441,54.86079972553708,61.757870547451084,59.11743624730647,56.93042019582516,63.79381663501213,54.40261840891675,59.51770202220713,60.17722544422079,54.99486222492177,64.35177333612812,56.9325425841433,57.371782581540025,63.4721272177268,54.082298010744736,62.110177800699894,58.757791716502304,55.17284393882533,63.61297376003214,54.74306499522337,60.14236623984699,61.74285294949734,53.669652515385486,64.01353266541106,57.4103036435918,58.27245893360192,63.26122583177286,54.208446468757664
16,54.4597830554329,62.12925480586598,59.227648364596206,55.41982385401087,63.369639857344,55.40091754645669,60.11206055367389,61.7582543741713,54.12200005424472,64.02341043320754,57.128269713307276,56.86852184086753,64.72274691139413,54.512547666428894,60.70064072574764,58.80117279477358,56.11968379705456,64.61630307080883,55.01917860090988,59.98685987074892,61.42122563282861,54.78967819522564,63.65318548079138,57.1462627268743,56.67234521252211,63.281266301947454,54.339707268675525,60.307908449297834,60.245171748682594,54.24183118087175,62.79749920460221,54.700625159241476,59.17479878422942,61.25787252676558,54.6897462551444,62.19740636963776,58.181820659951896,56.90110108336844,63.37277703304159,54.315513562088995,61.28397863547131,59.975822465154096,55.65129907387904,63.84831592861991,55.80016369880206,59.19340750158867,62.717588348199634,53.70742621849094,62.10570294550608,58.01454737959574,55.51204612436271,63.85225434892403,54.09562601874371,61.72510777933228,60.182183066071495,55.04127669266141,64.23509859178148,56.52726496232782,58.63088870636121,62.43341822793316,54.357722881756324,63.73411579742258,58.353917728158734,56.35537622448878,63.510328375761965,55.26215329152323,60.32171204931805,60.086450657333536,53.78220529902185,63.804318495818926,55.01143158398531,57.59123741812678,62.32253494568363,53.98008288410518,62.77549443479078,58.364725511070716,56.57441854342887,63.79691480689888,54.244156787262455,60.510578400738325,61.43354581159618,54.688343986510084,63.613537141813296,57.00197896381437,57.10647489866986,62.72174056509181,54.526408847803644,62.26793207410448,59.040899031197185,56.10886361210185,64.2293635513259,55.13509141376862,60.211360450253295,61.97625404766202,54.27764634116619,63.4720185604771,56.29746991425575,58.30298543086336,62.56407294281078,53.624380311847936
17,33.70670479111675,35.277182544585784,35.68652957854232,33.41205573292089,31.742686214351778,33.92938292841235,36.098678745917795,35.5568830038368,32.93283659666873,32.54283302861674,34.67723621075826,36.43669126106801,33.711066117087796,32.85334215436389,33.05036197426703,35.06706107817859,36.07653431849338,33.64419442630528,31.657703688296753,33.35689375871659,35.25967964226645,34.953964140621,32.646519913970025,32.23757397350499,32.29571214058534,36.22635654312774,35.141342248668735,32.660878847392866,31.919437970980166,34.62350553378228,35.435609177232166,34.297149540793555,32.02280556578917,34.026689461151975,35.7499468520931,35.33949498201411,33.26734386020647,32.86247124213295,33.18822506550113,36.3380080612252,34.75948333313087,32.71512962684266,31.604351696247104,34.02802294700843,35.58809766044081,33.97483728540872,31.955622101313885,32.90052545143763,35.4999760812871,36.06785463422041,34.04200426124043,31.324493538115654,33.608066387221946,35.612251487086105,35.436248839834455,33.17191085199804,32.21458038102043,34.115391813754634,36.48401406947567,35.24521054951129,33.16756181630262,32.50178504775557,34.36106063671208,36.16948455601901,33.734230091004015,31.57500785028513,33.119757498666395,35.91370882401436,35.3331307084866,33.72874110457002,31.596156992808957,34.14212298664402,35.115055470632946,35.07375474683013,32.292905593680985,31.660543086739064,35.06690612311393,36.490718505280626,34.116872716772875,32.09414836432595,32.61079557862168,34.92440949787505,35.89172310468623,33.87946486080422,31.157342984953367,33.04049261223898,34.486872997626776,35.53906735986928,32.33115707671541,32.53796337035106,33.29098178767117,36.300538678259414,34.45226211628247,32.51873311597615,32.53288828965106,34.89246473839366,35.55427884780695,34.16418114996075,32.88085686889923,32.297246985451494
18,54.554521972256204,62.380522741155964,60.04370617583037,55.21676071309807,64.42639846959365,55.5709188913661,59.27647107353779,61.37850652558802,54.56816615898265,62.71588049335508,58.08295887029061,57.63230213092664,63.396890259501625,54.086094242525014,61.76599957861984,60.05190557568235,55.51174276832945,63.93316467072818,54.63561475130573,59.950814272457386,61.39323422588402,54.126586371657375,63.63570024783713,57.099610159072206,56.930272382222874,63.937634291425695,54.01436074589064,61.27841656514497,59.75736830453435,54.878769162312835,64.47933089977803,55.532816284634244,59.1977308701027,62.04692575023274,53.98141781404464,63.13165188915914,57.36514238848559,57.11414875710071,63.76788770048507,55.14517074675018,62.02604903222416,60.27539146092136,53.8927033719168,63.34839158634737,55.84154271736768,57.91000023098751,63.12644321115608,53.5268897250993,62.48504499600734,58.40965207570091,56.37202880874818,64.02518273646746,55.72510892658835,61.071734273264674,60.213456225809615,55.09813758894418,64.5635791809077,56.677262565698996,57.880972451930795,62.87775417852881,54.56719679648126,62.48996808137828,58.17752530480272,55.83350734071496,63.91226686595052,55.94405870829328,61.44019282600529,60.69846884150296,54.46836149244011,63.4582763026583,57.18777044790234,57.88908417569397,63.58448647525857,54.663181636721134,62.799256713166756,58.73862788410128,56.06608094269016,64.51634324056296,53.38356286795089,59.41280708791184,61.1793564639295,55.33777222889824,63.22851048119508,56.444577832579725,58.139606582040415,62.533554913250704,54.11812654232923,61.91001077405598,59.47521246350551,56.440858382797614,64.24841613556751,54.387271415296794,59.82094099548651,61.4457309200672,54.82005845136118,63.181734863080756,57.19960978171792,57.33198085966804,62.725588980341,53.7483383447169
19,73.07158431968693,87.03229448210666,81.68077682689449,71.17592298081377,85.68868190483262,84.67968169885172,71.08900277769041,82.18940489145471,88.02924430093192,73.06438303033168,78.01353285042393,88.71187175304796,74.35763016036965,74.71963257769127,88.01340408695862,77.72873791253376,72.5141515227864,87.27783528176913,81.43556007312795,71.0268438519941,85.31508663591742,84.36266445319502,70.26806744561927,82.23782831177127,87.09212830740816,72.2968045679996,78.75417533496925,88.42596930327417,74.22528220640606,74.78314627844046,87.78048366879108,76.52210113157395,73.00548500679837,88.18288294425305,80.71336807193009,71.18779944434566,85.72195257169923,84.43428280142608,71.21814553301677,82.92263117113832,86.87058355861376,73.14390393541137,79.83572923521118,88.66957280639248,74.09943422907423,75.18944910389897,88.68724140219467,77.06956093709432,73.31135847028897,88.4530592777893,79.95410225864833,72.2575825492747,86.79299789204033,84.0552649741423,70.191293961243,82.66801954892,86.72047839685757,71.72558810433698,79.5379748688253,88.62069517570374,73.75465540480923,76.74431895827594,89.26705316302296,76.40007310333085,74.35086078572691,88.65529260396426,80.2985738260427,72.22250484724263,86.40051766206246,83.3273833826111,71.33163928069085,84.62136692337752,85.88815127550573,72.02783536106446,80.7175985891334,88.40393167039501,71.82382430505147,77.30229549973531,89.67270252023907,75.94355605481219,75.20618150948671,89.03386533860731,79.46562963111354,72.4413774724355,87.39759363039384,83.96788329926794,70.96786687200674,84.8319743199845,85.15587256897528,70.87478755748465,81.0623472399512,87.97877867518947,72.64429889063122,77.75138155757585,88.40007548284817,75.47628336786916,74.80281848325382,89.68300487398386,77.37460115759778,72.43456935015918
20,32.83575484057158,34.91740109581047,35.34471796309368,33.591319849909794,31.85917239455617,34.25687257675703,35.9800989252792,35.24341163657619,32.91353011831883,31.746488004240963,35.242355287386,35.77078213877769,34.03509929799589,32.793273895774405,32.70635433218017,35.35225271778908,35.55410219468326,33.54750392657223,32.478685889056486,33.338003704448404,35.72042841926954,34.871393211387996,33.0099759920617,32.00803265703243,34.22544711481438,36.25417674007141,35.231988672373085,32.50735275193525,31.908079730866447,34.77114219040488,36.47363090373206,33.162332062987254,32.25406523788122,32.633986908166776,34.920675053959215,35.89030408118817,32.72773266923033,32.13754937532296,33.43142909114255,36.20932249561963,34.83453647647507,31.801873057078836,32.92409793615332,33.97961089270473,35.800540859490155,34.43410114298128,32.36657946605056,32.88290111436042,34.78827023065928,35.373565514722706,33.53564625215252,32.26998273325843,33.15041704646882,35.35029598103228,36.31052620523296,32.22751379244147,32.37876050942718,33.70763204100939,36.81947260396271,34.540784142226016,32.47250196698125,33.37213758167657,34.47620087304353,36.121098504467945,33.96668433066751,31.82197322276325,32.96211509711109,34.64812141399033,35.956790790835996,33.73129117586603,31.36810665383573,32.886125261480764,35.413110480003944,34.68654213561948,33.198963395564064,31.57874694624315,34.78091783817801,35.84255474846618,35.06744763571418,31.387414144604907,33.22235155498899,34.55028352011725,36.36233823812787,34.610296440623166,31.695430353418665,32.868126644348706,35.38061600258384,36.18157167922707,32.22528077244607,31.444948358985375,33.136767525813354,36.757398595723195,34.29434898402158,32.34534016371764,31.761243746374525,34.97716321038739,36.31258598972779,34.42552679905617,32.15793078389261,33.028878326651125
21,53.83730051409577,61.63063592292118,59.45827002660188,54.58897203053502,63.39435465869448,55.02245496647007,59.510465300895326,62.130116154893344,54.64240673907861,63.38829419370643,56.69854262976239,56.72913239110208,64.21427573733587,54.1277857319073,61.52408134860523,59.21082044034597,55.12651506275056,62.74179009977583,55.57081103610859,59.26157614687843,61.40704713962114,53.60797428919757,64.54504164189682,57.24330962963247,56.427201750180004,63.44814093314263,54.45778731918734,61.728034875745124,59.78806494570372,54.757466037912224,63.978977861971565,54.88920975278594,59.07277736391764,62.11181043000687,53.422058169803215,63.50092667201002,56.866833254725506,57.252650719530386,63.789341825584245,53.82341477091025,61.968803457453056,60.4103475055561,54.316752926884845,63.41427949710689,56.530753143594985,59.132980959164684,62.975576459076336,54.78233035027142,62.448688848926636,57.440556918632055,56.19525903984252,63.29416243958672,54.242285502353006,60.89554679345722,60.53879749882867,54.685637274179214,64.41313492321729,56.59964803860306,59.28093421336355,62.71491854232844,53.97652862641777,62.29775776819546,58.78033747761191,55.72927220376906,63.593203211048866,55.05153679543034,60.60436885736661,60.937537361013845,54.55986110475523,63.52923043872589,57.216107463126974,58.52362921909146,63.330836992750655,53.243721476984334,63.19170120249431,58.822341865241036,55.10135827399559,63.813784881711264,54.59893308266754,60.67480550118643,61.184616202067325,54.23283632667655,63.83493470370089,57.52578494970193,58.31469145310509,62.56469845793788,53.028366723390974,62.56505154615253,58.676353241518775,56.03036685826719,64.22762836801117,54.283428148966976,60.08127967204762,61.241396051364354,54.41208665525443,63.23795237154067,57.15966896047382,56.6093132348503,63.05477858869904,53.42045207277474
22,72.47494107897114,87.62121840220766,82.01028637530538,71.43205051890841,84.54895722390877,84.80671028384343,71.23178672943635,81.51764354316327,87.98260172802613,72.7007766023335,76.84737368177815,88.21134334053531,74.52783378550934,74.49711443353813,89.16746045134576,79.22277756111576,72.5990455668063,87.41241654126728,81.1568111834743,71.18732394326905,85.62508058750585,84.9308747230425,71.65238095613014,82.23989975117902,86.12478217107045,72.00666908312661,78.8308108593192,88.6867378704286,73.77225314137085,75.55164031722579,88.95098712011652,77.01743543543787,72.27386140251856,87.85902824299272,80.98298743255967,71.29379858210375,85.48907631485768,83.80713735658894,71.1338809868313,83.37736182525724,86.39414615824201,71.87261793729266,79.56087457991856,88.51386923864598,73.71509569750465,76.382142682866,89.66965160011347,76.40320915779965,73.33808702956237,87.25002190958108,80.04222858131848,71.07353150804433,85.78357123424567,82.96699633100933,70.77595852655558,83.06131788392253,86.16585483452934,71.07428102774873,79.8840987583165,88.83711485025948,73.49261304262463,76.38300596500616,89.9370130389309,76.26484131618668,73.00983754968979,87.52606671965768,79.41562838038153,71.55286897683175,86.53678991815508,82.91995224890692,70.35046720334412,84.82630982926577,85.16769708931508,70.73774337444222,80.55491914533988,87.88994251198788,73.56304583879678,77.66612417248535,89.84134699192795,76.70763561482389,74.0433099702282,88.67320336945062,79.40476967469638,71.17286434775578,87.00247343389098,81.94761895293964,71.0295093652824,83.60247896244897,85.83499162905083,71.19871355559505,81.39672889426588,87.39027179008882,73.01703000566171,78.53192049409091,88.93332887482062,75.40522523244863,74.16828018397074,88.38235355680013,79.48593631019679,72.4220531489217
23,53.70254224091929,62.40269056655011,58.28987007425348,55.79875730231798,64.7633764915106,54.99715750618542,60.52082046103378,61.757457252613314,53.81258626079325,64.15646763953309,57.07054650166408,56.862609694051685,63.591203398396,54.90355097059943,61.82430390729141,59.6568883440678,55.29689986612906,63.4248770576785,55.312441328309276,59.44729134535444,62.30347465436518,53.73258495777166,63.79460312955246,57.381620085546665,56.70388365591575,63.569394983058054,53.880796508025696,61.30596069921507,59.73880768901485,55.2276558991258,63.83174995735158,55.84549250077797,59.2800263204036,62.262478481712904,52.98499348079878,63.7970502782389,57.42309755828971,56.59375548416936,63.319016288172676,54.90826938842945,61.22264874254683,60.32315917338137,54.695176743818315,63.226232815975166,55.61558565080392,59.127302367633405,61.82642888150661,53.93807091597936,63.2330839135572,57.93727894955274,56.736791301270806,63.19900133244288,54.01489727063544,60.102968366266275,60.62401983774977,54.76402502056869,62.888372573008475,55.93828804989022,58.52632536047045,63.19735762265056,53.431980146828444,63.66588053275493,58.667260488759766,56.20301982486893,64.09094588107517,54.472539262997905,61.09933757105887,61.34553115549229,54.58610876797254,64.32760189278476,55.95698066464433,57.81565373475669,63.2314518143221,53.79655952883593,63.23974611395586,58.90791064790143,56.294058761084976,63.364436893140876,54.020715980302974,60.327316971598385,60.83160247819474,54.68178514031836,63.08735170539973,55.975119763431195,58.779675405458356,63.74948283708901,53.73083244239933,62.96630601769183,59.00115189089276,56.094151703031784,64.16577794173236,54.58361622799069,60.07470190507484,62.94816672734361,52.69683809876193,64.05588916810783,56.114841083467965,57.816077923015506,63.46767864748587,54.610347436395266
24,71.80436863010662,87.95331803327707,81.83652637100668,71.68718392677714,84.45869700267991,86.0453648809382,70.78895339181709,80.84859237039845,87.67585025986628,72.53865836716398,78.55430294172179,88.41774267334692,74.18807278325373,75.43038640863027,88.44823926835987,78.05394825748056,73.07790847221119,87.79324498112562,81.39069216248232,71.52166169048857,85.20136758517224,85.35052659905676,70.58733284947466,83.53148570725841,85.9669077090764,72.43792541246232,79.1852624043231,88.2976594778567,74.65401999305689,75.85885834565987,88.96467770612503,77.66951134197608,73.31618337265512,87.80130945210652,80.99971312250331,71.97591369358123,86.40588843022215,84.28857768513765,71.1819065287166,82.51104347777328,87.14091638550191,71.90375967569594,78.95456342341012,88.33637107936275,74.21739972298776,76.20813363068581,88.8085656743788,76.65510030371892,73.21341518378595,88.07772520830676,79.52862199460837,72.05243528954739,86.45183268335323,83.81363068130773,71.25123181223294,82.58091120191584,86.22576521760398,71.95160612977743,80.38052690484496,87.09291903892513,73.78829303325139,76.99045903292843,89.89570425543096,76.53752746265681,74.4128402702944,87.69703809427982,79.95814184462013,71.97935518732626,87.62374780460469,83.13946665776147,70.56687124604221,83.62315771188615,85.61588892809166,71.4376118941515,81.23363086492519,88.78868993235974,73.63131355686544,77.40630782234368,88.65872820201618,76.16049774047991,74.4177552154327,88.34709133702255,79.07563430040354,72.41534199981498,86.90092307134789,83.1245753639686,71.12069009105412,83.81588533293726,86.2489817169892,71.38016981107711,81.26477982179141,86.53775853751264,72.93622829456028,77.33400127188915,88.56883076678238,76.34071380072105,74.28228452763209,88.36989301196662,79.40123619677793,71.82606324995767
25,32.159624209353396,35.559388405615,35.59157727242665,32.30413633542025,31.969723279849113,33.70315596559389,35.98542951539559,35.75181277578648,32.213475152964776,32.02284110706081,35.042550145918405,35.19701770223067,34.03899380150223,31.880241316753512,31.96058844370246,35.244159604617536,34.89216130208742,34.77835549907964,31.74039364467403,33.052441539595506,35.728770452626804,35.44577621909277,33.922208683867346,31.992666783448914,34.72200537474855,36.03943142436189,34.948564823656504,33.22437293982878,33.38040195056953,34.804880604278836,36.81309381453033,33.101242511755984,32.71619066527598,33.19955070261566,35.72027786716204,35.35027420592225,33.13717979141323,31.891957752912678,33.64747789634564,36.313039300006864,35.544843809849986,32.788733403752246,31.645194138565323,34.069694412993336,35.882080151537764,34.58480533119493,31.894212342397736,32.55062733905878,35.481286233366205,35.14194939506423,33.00647893825144,32.045090495096595,33.33250158991475,35.69322217863861,35.92688652433321,33.90629340696868,33.07330084821032,34.41336437029783,36.251418412867615,34.33953779701033,32.53684667789846,32.18679611284698,34.15261559855205,36.558609647835944,34.65155887928869,31.692027038163317,34.252086637503766,34.73265050437787,35.712817289110085,34.383071324114056,31.818414064795668,33.29296381810044,35.631496597664125,34.99742748848534,33.04798381211443,31.578708645039974,33.353358237160215,36.64015293944296,33.823092290563736,32.20192194427599,32.482532922102784,35.8512446394468,35.319963208522175,33.869066895595,31.45110707753174,33.469391995271614,36.07541464971498,35.424578283499024,32.68390921245336,32.37049358081942,34.147818355247146,35.07539538048473,35.328932053722454,32.5278143263619,32.164668858805776,34.89788552625868,35.18535246302497,34.355988302376105,31.263085373986062,33.85335240410774
26,54.07223331239252,62.71656291076042,58.95539597934764,55.116028851140456,64.04506385945207,54.89203415144949,59.430656215149604,61.36750529390537,53.64929581620622,63.89412179760037,57.44246475024172,57.871904133128254,63.863991429570625,54.2364902939143,61.95366174447721,60.06833242557174,54.363390805793465,63.52803229226707,55.208658689761926,59.21289696305411,61.94268954684544,53.70351704274804,62.50308249306526,57.50874673870747,56.875003528970986,63.98473366347025,54.72151840040273,61.16745809801363,60.12520042702497,55.87047188088493,63.73353186995757,55.699764941775896,59.26070918262074,62.82305753667957,54.435833781393,62.756625414997934,56.826812882126774,55.870565917055934,63.10794693161789,53.71062328951284,61.528573631834526,60.41077270122321,54.6551149372687,63.7240492465898,55.078564091057004,58.518616603369246,61.5322253400276,53.6927104181533,62.383924686741885,57.803916866816934,56.863449306074166,62.96193742584115,54.88098667884719,61.87973255294908,60.22746947001619,54.28779161489318,64.16674860859702,56.09801194619662,58.48099943028445,62.88092040025421,54.01370616946804,63.4523218335,58.25466556202126,55.68203819167555,64.77490526788438,54.880429347837314,60.70123123048945,60.352126241108216,54.53314214690684,63.61765191592911,57.01278275520194,58.43982788449889,63.1322351545534,53.091554831418144,62.723868303282984,58.407680530502326,56.37208009700664,64.29419317780814,54.997205830859535,60.683211698726566,61.51589683067413,53.97445364145552,63.135228017943064,55.955484281483386,58.58163747736296,63.35936246695705,53.701560874644954,63.4223630829941,59.20330063108654,55.22670611801337,63.438132091142315,54.67874468596035,59.444301874721965,61.095473874097415,54.76658843620686,63.58854276546607,57.480134041020925,56.15296061822705,62.54376885966015,53.90965687487536
27,32.43104956245815,35.38958649483103,34.88746754284864,33.572783630199574,32.51827407678078,33.844007468051096,36.25885756843213,35.151377308117624,32.54621903461523,32.24376810818783,34.95348923922178,35.637119843021964,34.888737005585114,32.34881049649426,32.32818331989836,34.74275717387278,36.294742064516186,34.01707056279725,31.695357030913883,33.92403297707268,36.483707948140975,35.26908693753996,34.02410845429995,32.733243596076186,34.13491851551023,36.07894478623987,34.879392006217664,33.114032159876416,32.20639994327752,34.340194476294,35.471309233435285,34.1941231820663,32.68220983315601,33.31772252221405,35.374981471771015,36.15665824267011,34.0796089831345,32.04377893427879,34.77079636264294,35.44380622123145,35.67807513111336,32.60457121218455,31.87345820525282,34.20367403160705,36.60756717712684,34.0869139922167,32.13458604809374,31.876902446570654,35.28139184626816,35.67942640897661,33.196899448275,32.64332287823405,33.00885945379684,35.79919454910164,35.80335966340003,32.13763245082049,31.894332095552183,33.58776173112365,36.01446890806786,34.345300193477826,32.86965382664895,32.40781366719364,33.86814661843092,35.91225896143682,34.27507161638195,32.125650381471274,33.04077089510151,35.846625611513176,35.73630693021108,33.41035554580964,31.80339952623524,33.85971056257124,36.37685105695156,34.7961154301088,32.302324472638844,32.057116102670264,34.78254011541106,35.687792541749474,34.33225715331331,32.14456635049466,32.80534180639443,35.23003181172802,36.30803339726552,33.583372419905956,33.004848070279394,34.027753502582854,35.7812040089666,35.19344112812102,33.57098598558204,31.199622968538844,33.85065179466313,35.78071011965075,34.806411911547464,31.937660036487856,31.803165241194954,34.99288297124908,35.367525181020135,34.777585408992536,32.561841555733295,33.710431432065576
28,33.410539913059885,35.18873658045097,36.01868688597683,34.327047796315206,32.07384874691983,33.22746742379672,36.35331652019639,34.65659193743612,32.61997631373528,32.331519286197505,34.976789159470684,35.28167917100301,34.00376357145077,31.709435142862016,32.072674627189144,35.175186672628406,35.986600831156174,33.8050958898815,31.842136764389405,32.84793891798343,34.77336671344764,36.64810657213199,33.11421702002068,31.787142201816096,33.84890853550046,36.542895449342055,34.97436693742479,31.64892305870879,32.19019528097735,35.02700840200685,35.531003912207346,34.14346442114796,31.73398872572589,32.741164770953596,34.8872630830044,35.77654109439154,33.44143356114923,31.861693768863788,33.58382423016962,35.950682864936276,34.77825495039702,32.344344787798235,32.189888608664425,34.80810479836817,36.07413248053214,35.326420199984106,32.251654199414595,32.23418366549652,35.00586950946522,35.26250011935293,34.1056942798703,31.674055963606843,33.3571163282869,34.99687737709499,35.245271422142814,33.570677637443836,32.35251793191786,34.101081810732325,36.1907187641435,35.27302856590387,32.76106004714108,33.237806630578696,35.13279877054519,36.26348708137348,34.89908938808314,32.601580347738974,34.27478553615951,35.89266470804154,35.8774123938858,32.37546101777702,32.27609987667511,33.538220709810886,36.277214921327584,35.0756184581517,33.37968796242588,32.050764913714225,34.66547605881106,35.82483640847236,33.924999742847646,33.20219125329051,32.738104546769726,35.07987217463888,36.358721047288704,34.36135360112984,32.350935504806095,33.36649428847996,35.26330083919758,35.64800336033127,33.38537797955046,31.42597766640375,33.659708102648786,35.3257462705603,34.323282409410226,32.16682633095072,32.83221253390329,34.550720521892735,35.90060550715849,34.063665570591766,32.48669930680999,32.49234581911625
29,32.638202116084244,35.782637494010594,36.19373809058178,33.33881459741172,32.523258326153424,32.96640646658134,35.98977968779772,35.07838813859088,33.13293649023397,33.06316910906667,34.852953203920535,36.65774214054904,34.38163502810961,31.7711820300593,32.687129634899584,34.838678366398646,35.91820134679299,33.06515617393896,31.934994869900663,33.94224465480908,35.78787882102297,34.74627681848682,32.57469546357641,32.181392194275396,34.896686545417104,35.827220923950044,34.98500995506613,33.86473743192731,32.36527220297792,35.05608451777509,36.02964394850791,34.00171627325629,32.2075627629372,32.72254532437612,35.18014840893197,36.1916096525044,32.792362386481436,30.962150953798645,33.718481127047625,35.49694350163973,35.06001845123914,32.13633417406376,32.79950575058929,34.13342166316114,35.37214776854952,34.97547617120682,32.75580043125394,33.18219181758872,35.942940925360816,35.54773072976822,33.385892921772054,31.75945954558625,32.41944458974727,35.93535851540605,34.739376471195094,32.65709452596468,31.616578003590547,34.41002716944644,36.347757603084254,34.92355104017538,32.94923822628433,32.79730603684452,34.93222910955108,36.412141584787136,33.379231618038034,31.501928541300952,33.43071076631644,35.64887647947057,34.6810168399085,33.123023325029926,31.393535341914856,33.80219788570219,35.558612188984405,35.30741192140681,32.687872498798015,32.42383836996335,34.27699164523739,36.066038592768955,35.18267500306961,31.99164069573893,32.39958764399196,35.36352382775952,35.35627588291352,34.29104866726256,31.941093383784356,33.03920465781112,36.14190948912096,36.231419805841035,33.561777092380126,32.26449595326494,34.38648843245901,36.40204552765197,35.32184537407088,32.16754176532128,33.13599534806941,34.28729875800227,35.38829990780903,34.259056570629056,31.521351933595952,32.632105211604696
30,72.941476940065,87.49489035874265,82.07907941610303,70.36846629753643,85.1827875758511,84.4622254397602,71.22179371057028,81.62786984544657,87.54836235379607,72.72520899732416,78.39245357150271,89.25707091189946,74.10158335414002,75.46563153634641,88.59161352885172,77.11497861094415,71.857639718435,87.41688857737816,81.32962834961079,71.66826669922756,86.02353775149307,83.74905651561124,71.20518437505923,82.52359960615568,86.3648147209657,72.10198006370182,79.27001520537779,88.88477679899952,74.77115812285352,75.63946712554869,89.68479805652466,78.35026406105321,73.57396687011365,88.36801883586057,81.34712893375956,71.26584292717077,86.04680911489301,84.67840701351255,71.86251623329767,82.73839095339099,86.59822270912215,71.17590232857683,79.49484377356579,88.5881267905636,73.2163534243585,76.3276875724366,88.09247105049157,77.00420667058052,73.3670370062147,87.79159778710263,80.62872962478819,72.43056895107574,86.90328549583239,83.01555683755309,71.00052315491061,83.13706074259724,85.9567873571298,71.75400244412383,80.62509932957816,88.16066134124755,73.29500723642829,77.11911889932807,90.21233191143995,76.51240881097284,74.30846875939952,89.17286683752482,79.47458894614972,72.75830900229748,86.72743480724138,83.35299556574999,72.01336845501926,83.8462033756097,85.02999377673724,71.28745255751878,81.44658380946058,88.78996217422713,72.17941722130792,76.65719718753617,89.48711313310602,75.35440745489392,73.64646913006361,88.67690925167962,79.58189355569495,72.6331996132107,86.95916319946306,82.60881071357791,70.959254085735,83.92014428729249,84.27828537096447,71.72723348551598,81.27455523968737,87.67934497056439,72.48019006513773,78.09620377486767,88.87107711345654,75.00676959583313,74.0205580628506,87.49897603175593,77.75134702712688,72.78536081735425
31,32.18941332090736,35.5080256551919,35.994098212344504,33.86901806639409,32.11672524342813,34.261702896101944,36.050947758585586,34.874843358556916,32.978241586801026,32.414029096822695,34.891358998188075,36.45889159244398,34.28806311911018,32.32470165711667,31.754867545825686,35.623238263853764,35.67805591742468,33.76415292193462,31.729859822190733,33.22167489437298,36.09764939582595,35.02926867667596,32.95867954654232,31.80015687345107,33.70706573767897,35.41291996826488,34.49900534817494,33.09551167416324,31.70391608716959,34.96906507976772,36.57837214589689,34.105894608948,31.717731215269517,33.554768651615944,35.136246030927765,36.24015819327152,33.34294206471687,31.61051244697627,33.187302467510115,36.04833192780892,34.23406106085378,33.50256226376247,31.856926559677376,34.240000155853885,35.53723392240701,34.098970766020514,32.2727614577091,33.76941535119697,35.62982492936426,36.368277634711085,34.27962065433618,32.552549446499334,32.50322460755251,36.303688217207004,35.73798343693464,33.41075439284719,31.386378791887992,34.246936276500044,35.85954101377466,34.55820265305133,32.44926316009152,32.53617709194371,35.0147148627438,36.49779284066572,33.724424101295625,33.047466287496235,32.59362291538787,35.221278472871525,35.89558069792072,32.76276079926311,31.938024204506476,33.735310863141045,35.60536463226216,34.58507312053886,33.43989009319941,32.151727149564366,34.22263657623109,35.68377814434946,33.91620815077689,32.373990829228234,33.73909793917145,34.868151553377636,35.87790598570396,33.476189137826736,30.805926602771954,34.04192448070579,34.891215943788886,35.298450739050374,32.44275882888038,31.706998495674508,33.95741983967737,35.89234825181337,36.03953626215559,32.0563959376723,33.31447623755294,35.77268781668178,36.05200716706064,34.51979256677058,31.574118304915082,32.360297689740285
32,53.97526018124846,62.273140220354435,59.26428492652046,55.80537075655439,64.69806070817856,54.999964910554176,60.23059509580967,61.955980294744634,54.310127436014035,63.234798145020655,56.964043847503724,57.08460354605998,64.11330864230074,54.84315400090493,61.01792438176592,60.25631490188699,55.54308827025388,64.13173701906214,54.67445199736904,59.31540449846054,62.08121429583313,53.97236666626245,62.649645173131965,56.748038133373214,57.44958278060645,64.32385237127812,54.60119932973285,62.22315415679976,59.886533363610575,54.26525390951761,64.3133206577162,54.34292877731285,58.254612046308516,62.682007057278994,53.93409811280133,63.59051876397985,57.68755404272315,55.490263986490575,63.24729907771859,54.55011507227431,61.572861881831145,60.26374853918683,55.311074469119426,64.47942321285188,55.58342319663701,59.58620642761132,62.748430903516216,54.010650308549394,63.03317669547719,58.57497601161342,57.423529981136596,63.87948412165106,54.01883081276205,61.647593491971826,59.89470966504295,55.03412040451476,63.41066784350095,55.47786132355925,58.42155375154309,62.54696385332363,53.06917849153682,62.27505782472686,58.564751930768956,56.097821322607864,64.29620240408842,54.72453944886452,60.883153521741924,60.60632792824252,53.33962727404963,64.72227747077116,56.836841065469415,59.052488962278005,63.01152652246889,53.72803798786436,62.60752216754726,59.63510705367551,55.063869136765774,64.29467667361834,55.32285853982292,60.860677894157256,61.213993192572744,54.14772080651823,63.480191284518746,56.04478959415244,58.82238837289444,63.202679018348626,54.44752906479427,62.91828806268667,59.98683664542356,55.78547838796416,63.838371101618925,55.00475175477888,60.08539257435461,62.58584541446517,54.57829669570665,63.8439975638745,57.7703290917261,57.26829979590188,63.05065757387066,54.14493976980433
33,33.502695846585326,35.56991989442,34.79148608480319,34.06716215641597,31.985936642961697,33.43733170330264,35.967018578296106,34.67543535072335,33.38242453725772,32.80897845169166,34.408949473116174,35.266599189303385,34.84187446896835,31.24363336534962,33.21028010028482,34.89857937407958,35.92746770923763,34.32941019407223,31.784454732398682,34.30533695120506,34.6460431335074,35.786003574581635,32.174278249325866,32.154863911247595,33.938743913088324,34.91794601024112,35.50056372034296,32.92863251227738,32.71696181078497,34.48362126830307,36.75700825593366,35.29675483964037,31.49463586653067,33.114333340352694,35.907726907432156,36.08779160176681,32.91809690625562,31.057141899745673,33.834795809602525,35.89591073623129,35.27103462868044,32.778949585446824,32.12610371422975,34.05546918587546,35.987115249570515,34.843965993601024,31.925236566905095,32.65382882660885,35.01020898961385,35.71213860688626,33.36031200338643,32.334452671932965,33.421229285897006,36.08244703315021,35.20942446442069,33.180194079714624,31.721619344703424,34.116529517849756,35.04906444237714,35.92650102367229,32.60479772070744,32.65854769149232,34.517900800706606,35.78901639217615,33.431647859726056,32.79684325228168,32.725826809816354,35.265911907511565,35.49606289566276,33.440052572394066,31.428243060119645,33.38313867974623,36.54414126736707,35.213241199551746,32.97170269886128,33.35588849896042,35.84510023749858,36.13515271286269,34.77800221171141,32.38173587091723,32.55610331727517,35.762712824017996,36.38812972071552,34.1871236308171,31.903534769229875,33.55983909293473,35.5822017378474,35.944377649416595,32.8695418435741,32.990321388427404,33.45489401010426,35.47693350443887,35.200833069910345,31.749563487334665,33.1543018441826,34.41901232787663,35.81289002751457,33.53933758823982,31.758341727933097,33.20993742213182
34,72.38641064118843,86.50515845028627,81.86981994464,72.02367056316515,85.05263397393612,84.67787581091297,71.29409010301887,81.96752431062065,87.03303755986452,72.66642685237564,78.54103570975069,89.4750063889092,74.89545729262163,74.58100628815914,89.02996094359317,79.22401004176905,72.7461749005295,87.14469880863163,81.89327419569189,71.6087044769118,85.65584985307193,84.36633809572209,70.3337264747215,82.47181409903256,87.47559181183483,72.41608536920486,78.32794080408563,89.1373046046461,75.00346331113296,75.65039372410226,89.07221225939203,78.07598395406367,72.3145454018504,88.47940946991467,79.88903293548512,71.75585742938452,85.43962348064733,84.2142244945971,70.6556905540453,83.65993755884006,87.01949378020164,72.60317625361941,78.09340467149761,87.96059241198921,74.42360492096836,76.69269145210785,88.89995370485144,76.58666495441648,72.65494242062226,87.523200853979,80.23549009840501,71.75929347032556,85.85381203051759,83.92408223665737,71.08811277953158,82.80194946705252,86.21232786411387,71.183966780716,80.52506139569786,88.44711409212002,74.00082299194762,76.58790934280661,88.85149557132817,76.68886508097891,73.78533752641303,89.59954483467637,79.97669254753129,72.7135486186582,86.714072399243,83.35306523957681,70.66211223737193,83.14436438700235,85.63204474416987,71.86175557073159,81.40339987894482,88.29720486486232,72.73624481655347,77.35382973371873,89.9158707416826,75.86987170800458,74.49782805369202,88.16003775588106,79.83160510499631,71.9859821597923,87.02186353766297,82.35458912056558,71.1202941568568,84.6890252261578,85.18153388365258,71.5685956983981,81.1902117376371,87.42536658160334,72.40687273039498,77.93820036711816,88.43969371882031,75.86077607747826,74.77579743492467,88.03135850998176,78.23285714621531,71.18154590594844
35,54.36817412379555,62.20009273054321,59.093253752589405,54.74500573655008,63.883167065861976,54.62006958187762,59.14423864542269,60.97465997820492,53.89313013898305,63.749312579735815,56.85128167097569,56.26512469363614,63.52161609195749,54.315657698221834,62.20648838731921,59.7353364032149,55.35244427045798,64.69880301931299,55.55604513199035,59.98072039407777,61.57080273854655,54.309312495644996,62.5700563164418,57.70694254260717,56.71237415710904,63.01453890304321,54.51616818794365,60.92065247499415,59.19190442725265,56.09054011249732,63.80427281703938,56.247944020844265,59.070008892191574,62.71487421624097,54.00265623572394,64.0063882542431,56.98863454085731,56.79882347089657,63.332114188929324,55.18844736246902,62.173040300336304,60.30764089840875,55.0234969325174,63.96064681827472,56.13102984868642,59.63664622026431,62.909859213256105,54.126894458888685,63.24183656409085,58.3704053915188,56.20154405005284,63.204849741050424,54.71723292580778,60.89404762031396,60.682481753285806,54.52652554807001,63.62245642609582,56.29548997434956,58.61955517320878,62.57916485045501,54.06669054139044,63.53586288092746,58.18978463354453,56.11162289112941,63.110944879808585,54.94899882204647,61.58418528949322,61.11024094072175,54.82897682800451,64.12198964474432,56.431826488578764,57.85011979638135,62.95362834803699,53.96238508194179,62.59165979381037,59.37055501901331,55.23864442909164,63.4438932892541,54.894371774096044,60.20635375559441,60.65065707748321,54.547952961065235,64.15595871184581,56.53418200987204,58.52331097296958,62.73299556152593,54.43944907954072,61.87810342718138,57.895570752319976,54.441789199994055,63.418711158644385,54.05678901722265,59.57663133751915,61.66857072105906,54.87366051332059,63.84927909804126,56.45850849175345,58.219331287699276,63.27365204403819,54.690687351646
36,54.050643584787586,60.683480530087586,59.334017106983424,55.2842467285327,64.47665131604862,55.430149729865846,59.511309655849026,61.22511268985632,53.742084212701684,63.82275096776906,56.079809205035914,57.19186456151721,63.51236301033688,54.36891305765398,61.92786408978364,59.771941254406556,56.12788801734273,63.96067150448395,55.02869148469995,60.306395199492485,61.60075999562137,53.33578064022166,63.46422495315752,56.95248395486891,57.57242689206678,63.48025898559852,54.04124621499893,61.04718528365059,59.47081279568251,55.01091845428277,64.24092616135285,55.348936750236916,58.974622908535686,63.180396249696834,54.70669638958404,62.31840874643218,57.59099879915638,57.280694378992166,63.020027951743344,55.26053919737871,61.374407274125986,60.551028295955184,54.506403897754915,63.600073901457264,55.414990768047204,59.38774218347819,62.146746133530186,53.657929598851396,62.75975001249308,58.144836188092206,56.190746715904005,63.15610127108093,55.0890821789525,61.251982024466486,60.7335904562655,55.35038021146738,64.11466746050458,56.548873453733464,57.82532833459471,62.67483274118728,54.31278296688732,63.16841140825067,58.382056707941054,55.87989756397255,63.11093528056759,54.85256345353844,60.03101153908315,60.66068421996969,54.00886873740885,64.36183589923856,55.88862385656227,58.07059459330718,63.04491553887264,53.64915001168396,62.19440150468553,58.83001074332359,56.15781310159603,63.94786845805258,54.50116166652351,60.40848436367705,60.53197675412375,54.526330440930124,63.41939914575995,56.67572058699383,58.67603088117221,62.40870077906235,54.351748553326175,62.47648544387754,58.756268686542974,55.00541713618207,64.02119486727099,54.023435079360425,60.9042202381268,61.795103318951426,54.283156536446775,63.27468146393387,56.677947948876565,57.219141926274965,62.97337132499235,53.517004275346586
37,54.15904007757771,62.418735765178475,58.68565756313984,55.26528877490637,64.89900529169088,55.03027332449989,59.01433321828524,62.07864133140305,54.19223174549065,63.48738477726642,57.008063077806746,56.74834898110785,63.63230895854232,54.255736307738815,61.84034324592418,59.4231872452479,55.41702816589634,64.27539016034044,54.79930475478099,59.220411396062055,61.97165948300203,54.34727976025401,63.80706909789859,56.315121282086615,56.921756941559394,63.791235306204555,55.31142245498686,61.6407759337695,59.81565954680141,54.93189373176709,64.2120836020182,55.403805860283306,58.56312643062918,61.81218149343584,53.4196764020021,63.06085447548114,57.82609091917421,56.00689902861568,63.327884109846565,52.91736683647369,60.84915626209108,59.507760811574606,54.30106790283384,63.84973514750385,56.3837982572746,58.168581236667706,62.117766113021865,53.52435192682806,62.54400953070485,57.97983937922985,55.79753011826208,63.20224753625359,54.61505227851213,61.37071221323288,61.12812061313561,54.33776846410383,64.5884087085823,55.58161167661027,59.236949153873255,62.31790013591605,54.347566999633145,62.70652968853144,58.60481521755055,56.834626898059156,63.22754747385267,53.63909084978952,61.05620405859375,60.71491647988226,54.500878747756275,63.514656499329,54.88313519816948,58.473840681730714,63.31331430821453,53.89092431894487,62.444271686552426,58.377298253547174,56.6430873312576,64.14028550538967,55.27765261553586,60.79988094755478,60.8213292612406,54.842603645858276,63.24665406853604,55.96381710868631,57.99070490104283,63.680591744204584,54.17738027395519,62.80448856848204,58.172694745539516,54.915800002145616,64.8600198558547,54.96489161317786,59.78752205928047,62.18949095444907,54.38805043880036,63.47739532741443,56.6754390209357,57.64277478710978,63.80117944817564,54.04462955700074
38,54.03147107047731,61.95459905141794,59.640378650936036,55.85753322017966,64.8113242617296,55.11870658706211,60.07014581948233,61.55807212369507,54.37877057342011,63.01855586708059,57.95500613882796,56.51795297586874,63.68948639501786,54.29867558103571,61.12800574854878,60.01350425268537,54.93195044196412,64.0897343929455,55.056440929160914,59.783424983908226,62.766778332563334,54.52494998164835,62.84958765813366,56.977060611819724,56.95277652109169,64.1349442003798,54.519990786901886,61.984134241526995,60.3846135801776,55.21782598329252,63.71049264106583,54.39233174210076,59.124226928991675,61.78880579000716,54.37531025910671,62.82141391601535,57.60093324224372,56.77246312598433,63.39907876526686,54.04139288044228,60.66769812889232,59.86783949552437,55.88258509907442,64.2218656261988,56.806915498903265,59.07647150041091,63.18386991017677,54.21466703673706,62.39390208771282,57.74434319896088,56.52016491784534,63.826860724844074,53.97174289170582,61.653569474170205,60.65702462425167,53.60987061110771,63.916421468277875,56.66537246428948,57.676734123069984,62.18856846069451,54.77700238848318,63.13328069364988,58.684905693019985,57.06077420135171,63.63673099754728,53.76613850526981,60.505125215642806,59.68934930216712,55.08670081317174,63.86682867711329,56.0151402676836,57.69981045729147,63.256823205863626,53.36488748984525,62.8273226872879,59.19995266027338,56.326604374549305,63.95173109027872,54.39787198822535,61.13325093804858,61.23266431558435,53.877246852578025,63.08588491927981,56.5990656729354,57.61341946851195,63.19876239981592,53.48848335076909,63.646452600064436,57.86378560386943,55.77149597521511,64.00401387729308,55.04587481556276,59.457054379599796,61.05025596536556,54.88634257358613,62.77371110219932,57.42497852063076,58.05450829921814,63.80941263173225,54.28545754020046
39,72.65200298486259,86.78403539890616,82.72738143297474,70.94583976197828,84.62161587748339,85.22654947777136,72.09367454997683,81.99605612392897,86.96575750875552,72.33983289824499,78.47676862312836,88.86756277798806,74.94495481442912,75.31570209213056,88.61103886667738,78.28030248601175,73.11603685649544,87.25018980651878,82.2424465367224,71.6200164963727,84.93746368272984,84.59997639315358,70.74725740795506,82.79754191731453,87.06616920371675,72.20028912817774,78.23587159732638,89.2272864831048,74.68422852760449,74.86736580242102,89.32650329328207,78.17524528854292,73.62775702522288,86.99917061241896,79.84818914500599,71.75405955462303,85.57388176722911,83.69054992616698,71.36832765850843,82.7787670424437,84.97682901372491,72.21378441668276,80.42712289996291,87.91350832844898,75.0277056165322,76.34801320136702,88.74501448424489,77.36948823664513,73.01168895859652,88.23581793361615,79.33241728046885,71.49171169108357,85.59027055519348,83.36549321113746,71.27276121696575,83.95684327818573,86.22710029196516,72.06040941699572,81.11940512553312,88.08387035893887,74.36127662093055,76.40725304782863,89.30476954231581,75.98201201128128,73.98926332763857,88.18066718594376,79.54375183432569,71.4721432933132,86.6915759034385,81.92054320312513,71.01301672476613,84.27952632255695,86.61694961195462,71.45502578790487,80.66190813435887,88.01883163521317,73.58773319663565,77.75234606812435,88.16014902196879,75.64668165074359,74.1497128189293,88.03382217115748,78.10904573989733,71.87679471758935,86.93092854498562,83.0584117961876,70.43231532272532,84.2871712201868,85.23786621297087,71.6197982748233,82.2055792459655,88.0954698443265,73.38721150859843,76.79620233635336,89.15328570173818,75.2189428673391,75.39718928198849,88.46362110085491,78.76650872360246,73.07518210605318
40,53.98829185570398,60.94376757390537,59.521197064505934,55.82604980506283,63.3188542040088,54.59930853111545,59.735643610258954,61.40193345843065,54.68368928880734,63.75215336147439,56.73578289811624,57.22858221256923,63.65441055799306,53.74475379113996,61.74088281287087,59.95704434671489,55.14105889088306,64.1281018430846,55.402453002870935,58.53479466731816,61.892488180753546,53.7306731254587,64.2347554171381,57.74249894805288,56.7535770696798,63.05472639520708,54.095968974923096,61.464419063332876,60.15477159912214,54.3757740688302,63.45483194141019,54.86466101913027,58.70719873301053,62.17472934715119,54.69490563358897,63.4592113110729,57.91375643134518,57.45356999889166,63.75552570466481,53.28397785275964,60.84216720767002,60.980655105634426,54.41649629227389,62.697737878573285,54.54329470907716,59.105858778002336,61.88864425806618,53.02648675316339,62.94902884033204,58.73629483865592,56.468073309036065,63.59994743012967,54.401450743830004,61.10460356307246,61.561675133305044,55.464488300543586,64.27234318938734,56.49287889361749,57.598847982085665,62.34207703690003,53.53512383409581,63.354097120443356,58.44080745759739,56.81551212130285,64.1611612849023,55.1742400112183,61.47387295143805,61.23952761273249,54.38971137906942,64.38097765212325,56.85853397555225,58.4001745292828,62.12140906688046,54.534191474095394,62.09036758558176,58.57775103081925,56.09665525090617,64.68688877485553,54.56112231633118,60.4408297911073,61.975211385412265,54.10670730347492,63.56719846971325,55.19889364590767,58.73732412115947,62.847582676600744,53.75969746723667,62.8801540161163,59.288376364164826,56.17990837114555,64.87308437546132,55.423015485690186,60.036096649623566,61.115829521574504,53.87913254845011,63.907790150147044,56.40790232963115,58.11641072350085,64.18901539484652,54.127000853771314
41,72.55860812505821,87.78098301980398,82.13917394356713,70.54032943411846,85.6020460515679,85.52069814228898,71.17203136692362,81.84041944560968,87.052640058743,72.63245022365695,77.50560318375479,89.8322155228333,75.26357382362141,74.99568962510023,88.41932719539436,78.2721522918274,73.05222910561488,87.78979427652072,81.67434163436441,71.06242644002575,85.94919198034574,84.89699959534892,70.76133885100454,82.43407957480599,86.54165747302328,71.16038688363564,79.15201082693245,88.51918338229588,74.20841784767984,75.90279453726707,89.01595464552462,77.95517285394052,72.98760601279794,87.5570032039079,79.95080833268074,71.38731969778424,86.48531694794514,84.54400308108755,71.13586107125138,83.67516217013862,87.16818572973176,72.07194100380126,79.33850554394826,89.05769396196557,74.56558749955936,75.88192249115565,89.32109713648973,76.37405430566199,72.62212924050318,88.89445019510156,80.44605215574698,71.93641010127206,85.62484919414678,84.57480259195219,70.59606365343363,82.71368910998066,85.79803704949443,70.85727327442036,79.86691923835379,88.60896476973429,73.65554643491653,76.61359556793478,88.97165820579087,77.2660159861576,73.80654701814325,88.44631371632013,79.37083019839248,72.1436480477248,88.16078340028042,82.98549173736858,70.37660205111725,84.28110583527614,85.74030160777382,70.66570411265984,80.08576323768104,87.70374459549946,73.59119219157651,77.14740802761754,88.93282784570269,75.50407859334219,73.95739644377328,89.22778740539061,79.1207315639016,71.55059188480107,87.2184606792161,83.12765700898203,71.50937093100858,84.38795666273529,86.43710341684472,72.01458565275085,80.93801813285893,87.04755126897611,73.03847789137718,77.89570222821729,89.07285848713146,75.50710877122836,75.16246097900995,88.71514409855475,77.82916935714626,72.10239406932122
42,32.893546573101375,36.18629428377335,35.807878018205166,33.14527736242809,31.955420231763203,34.380333811393974,35.84951606807191,35.07180637418163,33.135899779561015,31.574905560748846,34.02546692313006,35.71994180092262,34.98403501217178,31.921605156643633,32.76131945596059,35.6241914094818,36.07521296955108,33.92686423588092,32.75294817483253,34.05561044720424,35.189883603731275,34.80201589642103,32.895769493518536,31.716636622700523,34.384155702631695,35.479902242486176,35.145159354514945,32.253250111880284,31.731921280529487,34.06874935952524,36.26283029504593,33.943505226090004,32.18979232191307,33.823479222700605,35.271890156310064,34.95549166461263,33.79057726270468,31.744044147808776,34.34700010566861,36.23273989764378,35.43604507794291,33.253198547273676,31.58108773858931,35.144102509313086,36.23435225329869,33.947884029690485,32.1296727195306,34.09536884718209,35.83140056944253,36.02910867771609,33.819047450174416,31.591950910999106,33.07423461645296,35.19806697763737,35.22182648112226,33.00686931439119,32.1235483721101,33.79862315437883,36.00725538186246,34.56155355746404,32.61671295659468,32.44547010929942,35.181906846210964,35.55481701079664,35.05855680120632,31.608363935991598,33.64180742756634,35.30053171248893,35.761327683774326,33.31769077495817,31.818408866712534,33.78602412069502,36.53999433010867,35.13945017011088,32.97887399323552,31.884166601039684,34.40850284565356,35.5357862876248,34.22468538297577,32.310777793355484,32.696320605974,34.6263121874616,35.54780359863238,34.12849954204743,32.585612021737,33.44993631712759,34.94830765970347,35.763484121713546,32.289719444487254,31.74907289013548,34.56940626758081,36.51015788132094,34.37342220075596,31.866149733145217,32.57930780788027,34.99925055875604,35.91760039934618,34.85152998949117,31.382312749718896,32.491716485678424
43,33.148752805771956,35.54802670437276,35.37718829406347,32.56154341087847,31.917250241588118,34.012184838746336,36.94589268848535,35.25166948167692,32.33248346276287,32.07201966237787,34.72370169760629,36.14248553737503,34.436076557397826,33.02328300429471,33.24771315633802,35.044733657184466,36.29854426792123,33.881413699770874,31.328488678987824,33.21308013676787,35.88509508432625,35.55744276475044,33.266152152682295,31.958302704454237,33.85262261873229,35.84816124065656,35.64595176143378,32.6151788814759,32.89332141567805,35.20558430621197,35.906356656464546,34.501930635593226,32.35622978043105,33.440373993591166,35.15840478224468,35.325576181344566,34.22717668429809,32.319584371921835,33.2752894106362,35.74060989326135,35.303735078254505,32.442886931353954,31.377804532600504,33.358501598351054,36.201791656236296,34.65849526173915,32.59105118790996,33.431261738285734,34.98189868078198,35.67112338941862,33.790669740237895,31.6260269872225,33.48720780535459,35.43160533316617,35.87507002694694,32.53121477076909,32.24985656442199,34.25386276358912,35.298571357291095,35.57048989884755,32.378942155902145,32.58052279855068,35.35202916537868,35.72694753363934,34.846517953390915,32.6337457746797,33.06784662402907,34.97605389858264,34.971438092734275,34.09983175602151,32.764137661894935,33.62222568121048,35.58900134409434,35.6652035966876,32.72322910548539,33.03108563080937,34.32208198447311,35.9168278505964,34.05629940690358,31.759445473742698,33.45888784271818,35.499396301056954,35.43300426689406,33.96582398076604,32.00064702932815,32.82571748780267,35.28682131209797,35.18617291116705,33.52160157143159,31.469719279708407,34.67040599094086,36.95082812441405,34.94676813139992,33.02307792101555,31.342654659271517,33.95587360668162,35.65551507012108,33.19771706781165,31.075705909518504,32.23475090078358
44,33.27024026729611,35.650709805855556,35.58762064233659,33.01406529660126,31.503291285629523,33.44611432660541,36.22948868630357,34.87459348434127,32.41890482425313,32.26834330675649,33.83226076455119,36.48117679265104,35.192765667773145,31.753608864089117,32.56046334907807,35.01855092503387,36.31299097815563,33.750591306393126,31.784540792018394,33.84272203993882,36.12306532481991,35.76160941044979,33.59185371687047,31.802662023029878,33.92207598626655,35.10887136268343,34.69731997070309,32.02876765369635,32.46151509709301,34.47784965561073,37.01908482110397,34.166769604197135,31.029911905902818,33.56317297883164,35.00519285113217,36.633584474720095,33.984250725001516,32.44721563650255,32.949964415592916,36.4788258594491,35.65238960589969,33.330191761751585,33.19645024910869,34.67889500598899,36.00107175925346,34.37688615498759,33.130299378839865,32.40521507645086,34.87981963710898,35.11449712879191,33.0051500122625,32.01946927015815,33.27160105943399,35.929574107362335,35.76845611830812,33.98642362084373,31.460351483269125,34.23695567812921,36.778394754773196,34.219320094411174,32.57075845450096,31.685570377647426,34.785284866104305,35.728315799277276,33.80067619174115,31.20854966920497,32.03970511297168,34.75515147709461,35.53317310158491,33.41133877035337,32.39813095169187,33.45291991087971,36.13904583902619,34.818834887613924,32.81031744159431,32.57561624767263,34.625563484726285,35.64261650280601,34.5206852961414,31.84028495978727,32.4898776441692,35.56883285787919,36.24323948787459,34.75844869556615,32.23077358110837,34.16305154141771,35.03127530732278,35.458549225916286,33.40384223963591,32.55494479211118,33.036411480347155,36.16949955463729,34.02693590753317,32.12072795751449,31.336569052349333,34.566690246867246,35.62178773258176,34.04680804159995,31.991433528376508,33.33602623519572
45,33.19506535147416,35.91889862117567,35.10686255935133,33.6069354805607,32.09060940781259,33.36863632024333,35.95683916035626,35.096201426905786,32.70941517049746,31.416822839846247,34.21729036531362,35.372680246279465,34.358446076489,32.315009298850306,33.02544634253333,34.46632625565968,35.272773992427545,33.47390826269391,31.893083808870422,33.72962859837787,35.03819319985055,35.81933586257946,33.19072278998694,32.076012662009035,33.66704898896267,35.387452934510705,33.927527598606275,32.31406154650985,33.18521821851861,34.93495757933194,36.23097799682669,33.90817227393171,32.47453593577257,33.41201238383181,35.43631952511327,35.474385732155625,33.87221897273547,31.332305465376894,32.854252190087216,36.38834852513895,34.23730976449493,32.72890246477854,31.947073688977216,35.278021521224034,35.44435405560983,34.308329052407565,31.12409419822251,32.96750967741937,36.02662719934452,35.69806926151651,33.541947286475875,31.785463203368398,33.47951739180386,35.36268294693227,35.43652434017819,32.61334128022943,32.20006264001372,34.44389655005502,35.78121056665928,34.99990465143955,33.486049056256334,31.47494043764655,35.29530334120251,35.562441229203365,34.676812608423795,32.58689537341375,32.92843950448164,35.191957712666046,36.50711417238682,33.761556283276136,31.71476800954688,33.454162246937656,36.445898936128756,34.62155336852499,33.15774903127311,32.63627823499949,34.49442045520561,34.95978862903617,34.63646673998304,31.431705788464555,33.332982179057346,34.8841086406425,36.96920823661997,33.81584987656207,31.925470614309212,33.65699546891431,35.61030416094025,35.64144749300448,33.172632250967325,31.476482429506415,34.50642828909821,36.265418426538616,33.92822738772915,34.01984343512672,32.7940732201988,34.302226777180174,35.41071453056514,34.71058991222071,32.61279321068509,33.04649193016314
46,71.92260909051036,87.43839798806698,82.37750148944241,70.70623904936203,84.29915451225595,84.99027293022603,70.20476607165004,81.87389403020273,87.45080913793787,72.45948640600155,78.77166838620323,88.5124968557609,75.65629730149581,74.60055483269909,88.94384995144213,78.18287235433132,73.31943951463722,88.35771990732522,81.74752401410473,71.73840952609272,85.95250046589568,84.85118067898054,71.27816921800593,82.15735025381584,86.62076872678652,71.43584159392861,78.85572793289195,88.4543454209781,75.82394328548637,76.11943654628159,88.9203266350235,77.76644391304856,72.50329431511423,87.6627891531301,81.21230486640017,72.09786490425951,85.46399559862768,84.21294406630899,71.11116969663665,83.0455256385839,86.53963620109731,71.52762120654349,79.49906175452931,88.54246762023358,73.99685423460254,75.5825949357157,89.1035501340676,76.53470844939629,72.84704590044362,88.09950199723332,80.66893881888635,72.35126426364187,86.5741552680438,83.41611536430365,71.31015360321366,82.6544683126339,86.13499202859518,70.79811420510971,80.48218578374139,88.65781832497728,73.43749195273352,77.56216919171479,88.53258826596708,76.38881409689058,73.5114643728715,87.8836424652035,79.62672210858467,72.10954842044562,87.61043036445456,83.40785947997982,71.32057330114141,82.76077444997883,86.53302948079009,71.47289585439738,80.82326785346852,88.3827048028214,72.77164654169273,76.85787794069336,88.92187397453198,75.19685024836387,73.7295005045537,88.66810899593365,79.62485548586909,72.24833931198813,87.13468193780315,82.84786377640161,71.59861894192915,84.43927476378802,86.26039208078004,71.05192494626101,81.84508312547327,87.51952451494901,72.79600427877506,77.31842113203781,89.21522806699036,75.4776364102731,74.51537997331872,88.58792053962499,79.60799759718927,71.8000888971823
47,72.7665519904419,87.47061150511426,82.26708948978784,72.81630939434272,84.45041005640448,84.4723469424296,71.48739358150387,81.82340318279637,87.51100770621758,72.3664999692205,77.90732977547785,88.95801892835897,75.07569369510394,74.76528704921776,89.40785727366429,77.80681256451324,72.50698993334053,87.63071052396515,81.35441204949534,71.33755083735035,85.66563759999366,84.69896392721212,70.60991041413867,81.66134705157519,86.68811214171653,71.81784101812814,79.88934747554195,89.6050635685994,74.60317931019887,75.59343933314209,89.83027441349239,77.43152019394537,73.1865596834194,87.53769191031598,81.21011669985094,71.17827571471656,86.0299211367631,83.34217036789404,70.80417507432345,82.78326442226087,86.11270062271909,71.52641513231217,79.10811454944495,89.50388440118884,74.13693731116503,77.54678834369399,89.10811221082733,77.12245113651232,73.77219937407644,88.05640363831978,80.08008333306243,71.64491177488787,85.76643171357112,84.68551084469172,71.71088382747328,83.5621134059007,86.48151732787917,73.01129185766467,79.62675791363218,88.24885295713743,73.60705437441322,77.13061239410195,90.06572667851293,76.04621384076714,73.69538175394821,88.48260201761605,78.91449987302684,71.637366055976,86.26977782162753,83.24891682307863,70.96476204671823,85.17667938404429,86.43796292434637,71.05238762502935,81.54192515264072,87.51544415413431,73.70332695925465,76.95922030525932,88.7982606118003,75.22692776141953,73.62641760943093,88.28831764880444,78.46385223511804,72.19413252558991,86.53883091269324,81.85294243256446,70.24967021305922,84.23753395944631,86.70878713911648,70.20913258106206,81.49253302297792,87.23068764889618,73.05196973068216,77.99075788320603,88.09467005764608,75.03392149986675,74.89143390821089,88.65881547768976,78.39032115479331,72.47968746438627
48,71.9322876364092,88.18816540263315,82.77295410259367,71.50237084011619,85.90805376432786,85.59837792219025,71.12513322373731,82.49322116533884,86.60800830322255,71.87817417668461,79.32927867015385,89.20037309366501,74.85872792987821,74.85337935918244,89.53991947267298,78.6393883563016,72.11839430869604,88.14817847826139,81.64971629503023,71.09227651736404,86.25292740990484,84.73158238827038,70.61582590797579,82.75545500092126,86.78523599481416,72.01296895253756,78.71301916575531,89.92888465014917,74.64122456174421,75.62777257668014,89.19616631130872,77.38099204029508,73.37962309120292,87.89191209052385,81.22237209030956,71.29113599024613,86.4816266762118,82.96655034775395,72.27687355717337,82.60139496273511,86.93470903335204,72.441091975485,79.68769494316186,87.79516892645427,74.47105430622176,75.17928897682688,88.5107399492041,76.84592250973579,73.27421128310517,88.32805804492868,80.01833972835547,71.70196545827142,85.43001711709381,83.93727837681976,71.35622353165402,82.94960728800564,86.59265391639009,71.4885651984535,79.9549226057348,88.79756485213936,73.33200416067278,76.12328246833638,88.95098405030174,76.90182845419194,74.42994025045643,89.00800938839792,79.34324365544732,71.18398737060079,86.89731384801598,82.04546983966704,71.83219852437593,84.24542610193456,86.00746845291505,71.1458104044254,80.37672403452646,88.42681809248671,73.59295811789953,76.7251572844685,89.36921179580096,75.66252679995321,74.37407780536662,87.83419444548785,79.45095040297839,71.48994098640027,85.91636018668991,80.70013277323923,71.09493417181908,85.24642586512728,85.9919909083644,71.20201539277683,81.54553206973813,87.9491835709811,72.81230661732997,76.53566999574478,89.54773784989278,75.17793105302601,75.04457418338784,88.69388038638796,78.48781446910867,72.29968405476974
49,53.38446729667514,62.248082508399,59.37139546941972,55.438713579513845,63.67514791095196,55.070017659162325,60.06121779003271,61.78635622372614,55.215561207155176,62.76721254498445,56.95111143451489,57.037437250359105,63.10854566238626,54.3394341881851,62.135412115057,59.243011107392434,55.46181940793638,64.5478968310336,55.520004366645615,59.14416046858052,61.793842155662944,54.05994871268167,63.783559126014694,58.51770253378622,57.067796044145084,63.29673060047374,54.76761260421368,62.60967324434924,59.79066455954516,55.06450775447715,63.60294252091679,55.449203937979654,58.55342832039797,62.5106374410401,53.7728458801399,63.699912721684434,58.33620885117834,57.75873669950626,63.33109120706807,54.61050822697378,61.08614587463604,59.78845877375795,55.01813749434024,63.73552503042286,55.90198532322729,58.33753561572002,62.59034164424635,54.25466744793103,63.439067205177935,57.99736085007721,56.74718300399556,63.10263552321845,54.400390300603554,60.62705732560381,60.69261049727746,54.93785721176114,63.93265467716694,55.62497014820529,58.70955835195467,62.79737429663645,54.39911082617936,62.038415422212886,58.16283314448947,56.30883149749868,64.36434576437914,55.13867580963162,60.911372094339114,61.53984072373131,54.81495830764183,63.83541411813244,55.83266661351163,58.21087056695548,63.72636406109838,53.42108956016621,63.02540016995242,58.912103552397326,55.03821237165193,64.00760430660048,54.38141979506346,60.20568698276899,60.48738204610847,54.453329626295364,64.01730444359373,56.87255474978852,56.91307821284944,62.537359057870674,53.87794198358853,62.10494905233407,58.80270772687186,56.96228230675832,64.52147898174844,54.1119827097086,60.13942139408907,62.782819089763066,54.380959400006,63.663952085241284,56.45365245022503,57.01402397600853,63.90133749852979,53.75950551303094
